[
    {
        "model": "auth.group",
        "fields": {
            "name": "Staff",
            "permissions": [
                45,
                46,
                48,
                57,
                60,
                64,
                56,
                41,
                42,
                44,
                52,
                4,
                66,
                68,
                132,
                133,
                134,
                135,
                136,
                121,
                122,
                123,
                124,
                92,
                72,
                76,
                88,
                84,
                80,
                93,
                96,
                20,
                100,
                104,
                108,
                120,
                128,
                116,
                112,
                58,
                65,
                66,
                67,
                68
            ]
        }
    },
    {
        "model": "accounts.user",
        "pk": 1,
        "fields": {
            "password": "pbkdf2_sha256$600000$NuLzocHGwmhRQf0UCpHXea$BU4b2+3Gu/nKZ5c7Wevn3a7MmbJiJcW6DV6lw7ppRS4=",
            "last_login": "2023-04-19T15:28:26.270Z",
            "is_superuser": true,
            "email": "dev@3c.gg",
            "is_staff": true,
            "is_active": true,
            "date_joined": "2021-10-23T16:57:47.632Z",
            "date_inactivation": null,
            "date_email_update": null,
            "groups": [],
            "user_permissions": []
        }
    },
    {
        "model": "accounts.user",
        "pk": 2,
        "fields": {
            "password": "",
            "last_login": "2023-04-19T15:29:36.526Z",
            "is_superuser": false,
            "email": "player1@reloadclub.gg",
            "is_staff": false,
            "is_active": true,
            "date_joined": "2023-04-19T15:29:36.522Z",
            "date_inactivation": null,
            "date_email_update": null,
            "groups": [],
            "user_permissions": []
        }
    },
    {
        "model": "accounts.user",
        "pk": 3,
        "fields": {
            "password": "",
            "last_login": "2023-04-19T15:29:50.181Z",
            "is_superuser": false,
            "email": "player2@reloadclub.gg",
            "is_staff": false,
            "is_active": true,
            "date_joined": "2023-04-19T15:29:50.177Z",
            "date_inactivation": null,
            "date_email_update": null,
            "groups": [],
            "user_permissions": []
        }
    },
    {
        "model": "accounts.user",
        "pk": 4,
        "fields": {
            "password": "",
            "last_login": "2023-04-19T15:30:02.964Z",
            "is_superuser": false,
            "email": "player3@reloadclub.gg",
            "is_staff": false,
            "is_active": true,
            "date_joined": "2023-04-19T15:30:02.952Z",
            "date_inactivation": null,
            "date_email_update": null,
            "groups": [],
            "user_permissions": []
        }
    },
    {
        "model": "accounts.user",
        "pk": 5,
        "fields": {
            "password": "",
            "last_login": "2023-04-19T15:30:13.509Z",
            "is_superuser": false,
            "email": "player4@reloadclub.gg",
            "is_staff": false,
            "is_active": true,
            "date_joined": "2023-04-19T15:30:13.506Z",
            "date_inactivation": null,
            "date_email_update": null,
            "groups": [],
            "user_permissions": []
        }
    },
    {
        "model": "accounts.user",
        "pk": 6,
        "fields": {
            "password": "",
            "last_login": "2023-04-19T15:30:26.082Z",
            "is_superuser": false,
            "email": "player5@reloadclub.gg",
            "is_staff": false,
            "is_active": true,
            "date_joined": "2023-04-19T15:30:26.078Z",
            "date_inactivation": null,
            "date_email_update": null,
            "groups": [],
            "user_permissions": []
        }
    },
    {
        "model": "accounts.user",
        "pk": 7,
        "fields": {
            "password": "",
            "last_login": "2023-04-19T15:30:38.700Z",
            "is_superuser": false,
            "email": "player6@reloadclub.gg",
            "is_staff": false,
            "is_active": true,
            "date_joined": "2023-04-19T15:30:38.696Z",
            "date_inactivation": null,
            "date_email_update": null,
            "groups": [],
            "user_permissions": []
        }
    },
    {
        "model": "accounts.user",
        "pk": 8,
        "fields": {
            "password": "",
            "last_login": "2023-04-19T15:30:50.056Z",
            "is_superuser": false,
            "email": "player7@reloadclub.gg",
            "is_staff": false,
            "is_active": true,
            "date_joined": "2023-04-19T15:30:50.052Z",
            "date_inactivation": null,
            "date_email_update": null,
            "groups": [],
            "user_permissions": []
        }
    },
    {
        "model": "accounts.user",
        "pk": 9,
        "fields": {
            "password": "",
            "last_login": "2023-04-19T15:31:01.630Z",
            "is_superuser": false,
            "email": "player8@reloadclub.gg",
            "is_staff": false,
            "is_active": true,
            "date_joined": "2023-04-19T15:31:01.617Z",
            "date_inactivation": null,
            "date_email_update": null,
            "groups": [],
            "user_permissions": []
        }
    },
    {
        "model": "accounts.user",
        "pk": 10,
        "fields": {
            "password": "",
            "last_login": "2023-04-19T15:31:12.787Z",
            "is_superuser": false,
            "email": "player9@reloadclub.gg",
            "is_staff": false,
            "is_active": true,
            "date_joined": "2023-04-19T15:31:12.769Z",
            "date_inactivation": null,
            "date_email_update": null,
            "groups": [],
            "user_permissions": []
        }
    },
    {
        "model": "accounts.user",
        "pk": 11,
        "fields": {
            "password": "",
            "last_login": "2023-04-19T15:31:24.878Z",
            "is_superuser": false,
            "email": "player10@reloadclub.gg",
            "is_staff": false,
            "is_active": true,
            "date_joined": "2023-04-19T15:31:24.874Z",
            "date_inactivation": null,
            "date_email_update": null,
            "groups": [],
            "user_permissions": []
        }
    },
    {
        "model": "accounts.user",
        "pk": 12,
        "fields": {
            "password": "pbkdf2_sha256$600000$sd0rva5S6JB6tYvN6sBiWP$PsIMRxm0ABRqihBgxhncnoE1PjjxgfQb1tpR2e6g4m0=",
            "last_login": null,
            "is_superuser": false,
            "email": "staff@3c.gg",
            "is_staff": true,
            "is_active": true,
            "date_joined": "2021-10-23T16:57:47.632Z",
            "date_inactivation": null,
            "date_email_update": null,
            "groups": [
                1
            ],
            "user_permissions": []
        }
    },
    {
        "model": "accounts.userlogin",
        "pk": 1,
        "fields": {
            "user": 2,
            "timestamp": "2023-04-19T15:29:47.620Z",
            "ip_address": "172.26.0.1"
        }
    },
    {
        "model": "accounts.userlogin",
        "pk": 2,
        "fields": {
            "user": 3,
            "timestamp": "2023-04-19T15:29:59.456Z",
            "ip_address": "172.26.0.1"
        }
    },
    {
        "model": "accounts.userlogin",
        "pk": 3,
        "fields": {
            "user": 4,
            "timestamp": "2023-04-19T15:30:10.278Z",
            "ip_address": "172.26.0.1"
        }
    },
    {
        "model": "accounts.userlogin",
        "pk": 4,
        "fields": {
            "user": 5,
            "timestamp": "2023-04-19T15:30:22.018Z",
            "ip_address": "172.26.0.1"
        }
    },
    {
        "model": "accounts.userlogin",
        "pk": 5,
        "fields": {
            "user": 6,
            "timestamp": "2023-04-19T15:30:33.945Z",
            "ip_address": "172.26.0.1"
        }
    },
    {
        "model": "accounts.userlogin",
        "pk": 6,
        "fields": {
            "user": 7,
            "timestamp": "2023-04-19T15:30:47.181Z",
            "ip_address": "172.26.0.1"
        }
    },
    {
        "model": "accounts.userlogin",
        "pk": 7,
        "fields": {
            "user": 8,
            "timestamp": "2023-04-19T15:30:58.265Z",
            "ip_address": "172.26.0.1"
        }
    },
    {
        "model": "accounts.userlogin",
        "pk": 8,
        "fields": {
            "user": 9,
            "timestamp": "2023-04-19T15:31:09.317Z",
            "ip_address": "172.26.0.1"
        }
    },
    {
        "model": "accounts.userlogin",
        "pk": 9,
        "fields": {
            "user": 10,
            "timestamp": "2023-04-19T15:31:21.436Z",
            "ip_address": "172.26.0.1"
        }
    },
    {
        "model": "accounts.userlogin",
        "pk": 10,
        "fields": {
            "user": 11,
            "timestamp": "2023-04-19T15:31:35.132Z",
            "ip_address": "172.26.0.1"
        }
    },
    {
        "model": "accounts.account",
        "pk": 1,
        "fields": {
            "user": 1,
            "steamid": "",
            "level": 1,
            "level_points": 0,
            "is_verified": true,
            "verification_token": "",
            "username": "admin"
        }
    },
    {
        "model": "accounts.account",
        "pk": 2,
        "fields": {
            "user": 2,
            "steamid": "281590623841816110",
            "level": 1,
            "level_points": 10,
            "is_verified": true,
            "verification_token": "debug0",
            "username": "player1"
        }
    },
    {
        "model": "accounts.account",
        "pk": 3,
        "fields": {
            "user": 3,
            "steamid": "809363647939633239",
            "level": 1,
            "level_points": 10,
            "is_verified": true,
            "verification_token": "debug0",
            "username": "player2"
        }
    },
    {
        "model": "accounts.account",
        "pk": 4,
        "fields": {
            "user": 4,
            "steamid": "673968025244387349",
            "level": 1,
            "level_points": 10,
            "is_verified": true,
            "verification_token": "debug0",
            "username": "player3"
        }
    },
    {
        "model": "accounts.account",
        "pk": 5,
        "fields": {
            "user": 5,
            "steamid": "632871291809089356",
            "level": 1,
            "level_points": 10,
            "is_verified": true,
            "verification_token": "debug0",
            "username": "player4"
        }
    },
    {
        "model": "accounts.account",
        "pk": 6,
        "fields": {
            "user": 6,
            "steamid": "725885787902004201",
            "level": 1,
            "level_points": 10,
            "is_verified": true,
            "verification_token": "debug0",
            "username": "player5"
        }
    },
    {
        "model": "accounts.account",
        "pk": 7,
        "fields": {
            "user": 7,
            "steamid": "715582438505847277",
            "level": 1,
            "level_points": 0,
            "is_verified": true,
            "verification_token": "debug0",
            "username": "player6"
        }
    },
    {
        "model": "accounts.account",
        "pk": 8,
        "fields": {
            "user": 8,
            "steamid": "853671800239207891",
            "level": 1,
            "level_points": 0,
            "is_verified": true,
            "verification_token": "debug0",
            "username": "player7"
        }
    },
    {
        "model": "accounts.account",
        "pk": 9,
        "fields": {
            "user": 9,
            "steamid": "584726463099759262",
            "level": 1,
            "level_points": 0,
            "is_verified": true,
            "verification_token": "debug0",
            "username": "player8"
        }
    },
    {
        "model": "accounts.account",
        "pk": 10,
        "fields": {
            "user": 10,
            "steamid": "173782123187673210",
            "level": 1,
            "level_points": 0,
            "is_verified": true,
            "verification_token": "debug0",
            "username": "player9"
        }
    },
    {
        "model": "accounts.account",
        "pk": 11,
        "fields": {
            "user": 11,
            "steamid": "982451441204984258",
            "level": 1,
            "level_points": 0,
            "is_verified": true,
            "verification_token": "debug0",
            "username": "player10"
        }
    },
    {
        "model": "accounts.invite",
        "pk": 1,
        "fields": {
            "owned_by": 1,
            "datetime_created": "2021-10-23T16:57:47.632Z",
            "datetime_updated": "2021-10-23T16:57:47.632Z",
            "email": "gabriel@3c.gg",
            "datetime_accepted": null
        }
    },
    {
        "model": "accounts.invite",
        "pk": 2,
        "fields": {
            "owned_by": 1,
            "datetime_created": "2021-10-23T16:57:47.632Z",
            "datetime_updated": "2021-10-23T16:57:47.632Z",
            "email": "equipe@3c.gg",
            "datetime_accepted": null
        }
    },
    {
        "model": "social_django.usersocialauth",
        "pk": 1,
        "fields": {
            "user": 1,
            "provider": "steam",
            "uid": "000000000000000000",
            "extra_data": "{\"player\": {\"avatar\": \"https://steamcdn-a.akamaihd.net/steamcommunity/public/images/avatars//fe/fef49e7fa7e1997310d705b2a6158ff8dc1cdfeb.jpg\", \"steamid\": \"00000000000000\", \"realname\": \"Admin\", \"avatarfull\": \"https://steamcdn-a.akamaihd.net/steamcommunity/public/images/avatars//fe/fef49e7fa7e1997310d705b2a6158ff8dc1cdfeb_full.jpg\", \"avatarhash\": \"5795ca73736bbd7de42ab1faf4581dda81987d63\", \"profileurl\": \"https://steamcommunity.com/id/killshotesports/\", \"personaname\": \"admin\", \"timecreated\": 1626458911, \"avatarmedium\": \"https://steamcdn-a.akamaihd.net/steamcommunity/public/images/avatars//fe/fef49e7fa7e1997310d705b2a6158ff8dc1cdfeb_medium.jpg\", \"personastate\": 0, \"profilestate\": 1, \"primaryclanid\": \"103582791429521408\", \"personastateflags\": 0, \"communityvisibilitystate\": 3, \"profileurl\": \"https://steamcommunity.com/profiles/783276758063212485\"}, \"auth_time\": 1644645334}",
            "created": "2022-02-12T05:55:34.847Z",
            "modified": "2022-02-12T05:55:34.851Z"
        }
    },
    {
        "model": "social_django.usersocialauth",
        "pk": 2,
        "fields": {
            "user": 2,
            "provider": "OUPmsRueHZpUDtVrwtnTBbuxQuFxWntJ",
            "uid": "TFromRtBnoLdKHiuQNtbhSDEnymTHlJzvfAgZisBodTuhVJrzhmYddyASOOOuvjNHoXXuJlyFvmlUWWNQzGLtIfkFnDcjNhMeyKNpkAtRqPzqWWCuESemXbLJuiCcIuiQXwFlvvBWIIhGPvUMOafQNTTVAFvvDiDksMNLgeZbpiZMurSgvFqSqQETYcFSSxhWuTGTGfDVmdkEtAZPPkQMBZIMkLPLCHIhwddYkBOvcpDoApHnYWumjCotyPWKRJ",
            "extra_data": "{\"player\": {\"steamid\": \"281590623841816110\", \"personaname\": \"player1\", \"communityvisibilitystate\": 3, \"profileurl\": \"https://steamcommunity.com/profiles/783276758063212485\"}}",
            "created": "2023-04-19T15:29:36.527Z",
            "modified": "2023-04-19T15:29:36.527Z"
        }
    },
    {
        "model": "social_django.usersocialauth",
        "pk": 3,
        "fields": {
            "user": 3,
            "provider": "jxqfthpzFknVNyIBvbdZkYqjvKZaTcYn",
            "uid": "LxHnXTqGRnPIsbDjRCTaiGOuuEvcgSDZOxhlqAhyJbEVgycuznEuJXwuGgQrNkOLWfJypmFeznTuxYCBXPDGgpuVDTFifdiXhLYqwdEjlsLTObaiBgiGowKXVhxQdGbooaWhMOebaSRQzwLuOgqkrXOisaSbGXMJneiwtsKrcrsRkhBotTFtxlrsUPreptppqCPLFEFwUWprjZJAKJTFctFkZOieEPEMUqeMsRjhWBQFZPaiqUnTbHzmUezRzFK",
            "extra_data": "{\"player\": {\"steamid\": \"809363647939633239\", \"personaname\": \"player2\", \"communityvisibilitystate\": 3, \"profileurl\": \"https://steamcommunity.com/profiles/783276758063212485\"}}",
            "created": "2023-04-19T15:29:50.182Z",
            "modified": "2023-04-19T15:29:50.182Z"
        }
    },
    {
        "model": "social_django.usersocialauth",
        "pk": 4,
        "fields": {
            "user": 4,
            "provider": "qMcdvogckgFlgpqtayHavoCjukMoGMHK",
            "uid": "FnHStfuyVDSoPqxctUurHVYmwQraGXPDfDGYgSJauzsGZUupzfhFYrrtvCtFROsqwFffKorbSYnMGbKlVdZyUEmIVkCqlEgSSgQJMBSDbLMQXaxVlNnzFSgNamOjLdbCRktLjffhpNwTeRmDIwTpBHsOeHKHukfUpaIQtwtOyjCdKCGcymSRAPNqmSSuQwLPyDqsxSiEVGDXielSXcovFVXhVYFMToBstlqWafyhcdFbDckNRAGnanMJbDKQEFe",
            "extra_data": "{\"player\": {\"steamid\": \"673968025244387349\", \"personaname\": \"player3\", \"communityvisibilitystate\": 3, \"profileurl\": \"https://steamcommunity.com/profiles/783276758063212485\"}}",
            "created": "2023-04-19T15:30:02.965Z",
            "modified": "2023-04-19T15:30:02.965Z"
        }
    },
    {
        "model": "social_django.usersocialauth",
        "pk": 5,
        "fields": {
            "user": 5,
            "provider": "BHGsOZIZjJeFFVjqufheMomMNcdKyIji",
            "uid": "OgrzfzQFZlJsWWMuQMBvuozYfNVasUStSNeperToWcnipvwUtNrcDlMypSdPhHeoYzcIaNwTGYTCdFEgCqbRCDWpevLeIDvIimWjnqOqWwQQRVsuHwSzuGfoOYiepAdXhWqQNutGxMPIkFuIRYrmSchEiaFxYrUnONnMiRNALxsbavFsCiirUTDrhYoshRZsthZYJGOXvrKDtuyRLuYMCnxsYbQoeMRxSeUxkatXbJTAzDOuJCnDLVYJkysPJiC",
            "extra_data": "{\"player\": {\"steamid\": \"632871291809089356\", \"personaname\": \"player4\", \"communityvisibilitystate\": 3, \"profileurl\": \"https://steamcommunity.com/profiles/783276758063212485\"}}",
            "created": "2023-04-19T15:30:13.510Z",
            "modified": "2023-04-19T15:30:13.510Z"
        }
    },
    {
        "model": "social_django.usersocialauth",
        "pk": 6,
        "fields": {
            "user": 6,
            "provider": "dlHzxEyobbXAukjHzDlNqGxpvhazaAwd",
            "uid": "lBtSgKZyXGJZmOyZDeSAYBaWprEgYCXdVvNdMlEpuiqDJfVJvBvElIiIOEQoZYPPbEOvORyudTkjiahOpyOcHEhLBDjumNJnkhBfpjeAXCTlfjrULURXDbxgGgTYJokccGwJfpcDLgtIyIFmQcWCZNzHHCZRlXIrKGYTjtBrcULVPOctFAHYiHDRhVECTTqIbGAgqxzocYsJMpNyfSRCBKccxSJhkCalXVJLZuQCVbqhMWikTHDFqqiDmASTPZm",
            "extra_data": "{\"player\": {\"steamid\": \"725885787902004201\", \"personaname\": \"player5\", \"communityvisibilitystate\": 3, \"profileurl\": \"https://steamcommunity.com/profiles/783276758063212485\"}}",
            "created": "2023-04-19T15:30:26.083Z",
            "modified": "2023-04-19T15:30:26.083Z"
        }
    },
    {
        "model": "social_django.usersocialauth",
        "pk": 7,
        "fields": {
            "user": 7,
            "provider": "CMZcKAEkWaCUWgUXjFLUcRAysncbwxEE",
            "uid": "ZqJRwxtUpVTenvUkIAPgeDswkxNAReSQCWLClCbSbLHUqcWJGqwARmErBqpuQToMgdQKdpYXZBCeOqQFSpaIzGEVoKyMGJjIRvTEFZRYzOVWimlMpyuzTpXMLSsAVzyIwMDfIzpQBDxNaixXERupTYlxfcuMZZNUzclmJTxeiPPByCLuDcESLWAnmRChabxxzVUWbxtsoEcgCkDDPYMTOafqpEhttYCOpwgVTkgrOMYtvyJTmugTVClgxjZUEaL",
            "extra_data": "{\"player\": {\"steamid\": \"715582438505847277\", \"personaname\": \"player6\", \"communityvisibilitystate\": 3, \"profileurl\": \"https://steamcommunity.com/profiles/783276758063212485\"}}",
            "created": "2023-04-19T15:30:38.700Z",
            "modified": "2023-04-19T15:30:38.700Z"
        }
    },
    {
        "model": "social_django.usersocialauth",
        "pk": 8,
        "fields": {
            "user": 8,
            "provider": "qHtdhYdomkWbqdCROMNpJRTvLQruYYJu",
            "uid": "WUFjOxNkoEQFqooISFpPNtuQJxKdqFLxZDRrWHlwuXCOiOibzaTwtAIkChmdHoZKyTezTTZzRICmhEUjHFqtSQauMqfoDeHHRyNKUtLdsCfotvDdzGBIvaQjZuOHFqQzLezwTxoZFvCQIdHTtmGuzslzpAAbkfLCRYEXUhlWJOJBrAKKSlZNiylvTGklipDTehBGjhWzmpcvnHuWjqnBJAumVmfVnwBLRFuvbtvHLoYDUqFqPXpWuZMMbxlqalJ",
            "extra_data": "{\"player\": {\"steamid\": \"853671800239207891\", \"personaname\": \"player7\", \"communityvisibilitystate\": 3, \"profileurl\": \"https://steamcommunity.com/profiles/783276758063212485\"}}",
            "created": "2023-04-19T15:30:50.056Z",
            "modified": "2023-04-19T15:30:50.056Z"
        }
    },
    {
        "model": "social_django.usersocialauth",
        "pk": 9,
        "fields": {
            "user": 9,
            "provider": "zNiVTRKhDVtEqmldLXMruGjuaFHbLwAr",
            "uid": "IOdqLPqZaVMackUwqoSDqWSYlpdXYBQmRAeiODtGDtajGfTQcIQguhFjBvqWQTZLJaRaEQKbSBgvoAtleyjJhouNcPAioyjbpLXXbPdXIynLfjTMNlevAORvvXRMnykbgjDhYVxkWXmcqAnsSkmLYvwosJsouPSaPMsiKFHfokXuXDpdjZcGYUDlzMgLbLLDMmRttWVjJhPdqcAvUPuvLFEbTckTRFxzpcbllSIuOsEqAmjoUSvlFgrugRTMbEW",
            "extra_data": "{\"player\": {\"steamid\": \"584726463099759262\", \"personaname\": \"player8\", \"communityvisibilitystate\": 3, \"profileurl\": \"https://steamcommunity.com/profiles/783276758063212485\"}}",
            "created": "2023-04-19T15:31:01.630Z",
            "modified": "2023-04-19T15:31:01.630Z"
        }
    },
    {
        "model": "social_django.usersocialauth",
        "pk": 10,
        "fields": {
            "user": 10,
            "provider": "LoraPTfjUogrjtUaEdJScchNhReHYnSZ",
            "uid": "AqCWEhOTTyacMuxfzwiBGguSBCwyEwECSrANKIoxQCuqzEgWSfcDALlxFhUKnQmCNREBkcxPUOszeVELQsDAtKRoDwKIhmyMTrYRoofnygJsnRJoDzrMGJrdfMTltIwGHrGwaqKpOCRLZIJJpfWrJecDnJdlAVbgmIyQqXWdiIHiuOMcPjXigpFRyGZrWmNsuBvaiAzIjNxSuLiUzkVzMHWXyBdwUTxbJDbJULnhAENEVMdvrLecwXMBLSHWinV",
            "extra_data": "{\"player\": {\"steamid\": \"173782123187673210\", \"personaname\": \"player9\", \"communityvisibilitystate\": 3, \"profileurl\": \"https://steamcommunity.com/profiles/783276758063212485\"}}",
            "created": "2023-04-19T15:31:12.788Z",
            "modified": "2023-04-19T15:31:12.788Z"
        }
    },
    {
        "model": "social_django.usersocialauth",
        "pk": 11,
        "fields": {
            "user": 11,
            "provider": "zkQvxDGXTpEcrDdmbWGTSEqWAbdTwZzz",
            "uid": "fNBXYDZtnGTejUNynWibNhPKwrcZHwbKgSSSgyFNeVyhBKpOOFiovTzEgOIrAoOkUUTWUHOEWxQzaRlRKBJbBeQWBlAgFYDbfgCuRDSSltNhAJWktExQpLFYayFjAJlAFeTVRMhZGKVqAJdumSBcxSnPjSbVNGSjbgDBlDEFCGkfccuzwcREuHnTonXFOkhuPuJEAfpqSFpjjPSNiomuwcTdjmRmjimzjVEMErgEgaFOyPoAdqHqCiVcSbWhJsw",
            "extra_data": "{\"player\": {\"steamid\": \"982451441204984258\", \"personaname\": \"player10\", \"communityvisibilitystate\": 3, \"profileurl\": \"https://steamcommunity.com/profiles/783276758063212485\"}}",
            "created": "2023-04-19T15:31:24.879Z",
            "modified": "2023-04-19T15:31:24.879Z"
        }
    },
    {
        "model": "matches.server",
        "pk": 1,
        "fields": {
            "ip": "123.123.123.123",
            "name": "Reload 1"
        }
    },
    {
        "model": "matches.map",
        "fields": {
            "id": 1,
            "name": "Auditório",
            "sys_name": "auditorium",
            "map_type": "default"
        }
    },
    {
        "model": "matches.map",
        "fields": {
            "id": 2,
            "name": "Estacionamento",
            "sys_name": "parking",
            "map_type": "safezone"
        }
    },
    {
        "model": "matches.match",
        "pk": 1,
        "fields": {
            "server": 1,
            "create_date": "2023-04-19T15:36:20.725Z",
            "start_date": "2023-04-19T15:16:05Z",
            "end_date": "2023-04-19T15:36:06Z",
            "status": "finished",
            "map": 1,
            "game_mode": "competitive",
            "chat": [
                {
                    "steamid": "3e8692e322c0e2e",
                    "target": "all",
                    "message": "test",
                    "date": "4/6/2023 14:42:34"
                },
                {
                    "steamid": "b3b6ff3198e6057",
                    "target": "all",
                    "message": "test 2",
                    "date": "4/6/2023 14:44:34"
                },
                {
                    "steamid": "b3b6ff3198e6057",
                    "target": "team",
                    "message": "iasjd ioasjd ioajsdiojasdiojasd jaiosjd ioajsd ioajsd ioajsdiajsdio jaisodjaiosdj aijsd iaoj diajs dioajs diojaoisdjaiosjd ioajdioj asiodj iaoj sdioaj dioasj dioaj dioajsd ioajsd ioajsd iaosjd ioajsd ioajd ijo",
                    "date": "4/6/2023 14:44:34"
                }
            ]
        }
    },
    {
        "model": "matches.match",
        "pk": 2,
        "fields": {
            "server": 1,
            "create_date": "2023-04-19T15:36:41.163Z",
            "start_date": "2023-04-19T15:36:36Z",
            "end_date": null,
            "status": "running",
            "game_mode": "competitive",
            "map": 1
        }
    },
    {
        "model": "matches.matchteam",
        "pk": 1,
        "fields": {
            "match": 1,
            "name": "Team A",
            "score": 10,
            "side": 1
        }
    },
    {
        "model": "matches.matchteam",
        "pk": 2,
        "fields": {
            "match": 1,
            "name": "Team B",
            "score": 8,
            "side": 2
        }
    },
    {
        "model": "matches.matchteam",
        "pk": 3,
        "fields": {
            "match": 2,
            "name": "Team A",
            "score": 1,
            "side": 1
        }
    },
    {
        "model": "matches.matchteam",
        "pk": 4,
        "fields": {
            "match": 2,
            "name": "Team B",
            "score": 0,
            "side": 2
        }
    },
    {
        "model": "matches.matchplayer",
        "pk": 1,
        "fields": {
            "user": 2,
            "team": 1,
            "level": 1,
            "level_points": 0
        }
    },
    {
        "model": "matches.matchplayer",
        "pk": 2,
        "fields": {
            "user": 3,
            "team": 1,
            "level": 1,
            "level_points": 0
        }
    },
    {
        "model": "matches.matchplayer",
        "pk": 3,
        "fields": {
            "user": 4,
            "team": 1,
            "level": 1,
            "level_points": 0
        }
    },
    {
        "model": "matches.matchplayer",
        "pk": 4,
        "fields": {
            "user": 5,
            "team": 1,
            "level": 1,
            "level_points": 0
        }
    },
    {
        "model": "matches.matchplayer",
        "pk": 5,
        "fields": {
            "user": 6,
            "team": 1,
            "level": 1,
            "level_points": 0
        }
    },
    {
        "model": "matches.matchplayer",
        "pk": 6,
        "fields": {
            "user": 7,
            "team": 2,
            "level": 1,
            "level_points": 0
        }
    },
    {
        "model": "matches.matchplayer",
        "pk": 7,
        "fields": {
            "user": 8,
            "team": 2,
            "level": 1,
            "level_points": 0
        }
    },
    {
        "model": "matches.matchplayer",
        "pk": 8,
        "fields": {
            "user": 9,
            "team": 2,
            "level": 1,
            "level_points": 0
        }
    },
    {
        "model": "matches.matchplayer",
        "pk": 9,
        "fields": {
            "user": 11,
            "team": 2,
            "level": 1,
            "level_points": 0
        }
    },
    {
        "model": "matches.matchplayer",
        "pk": 10,
        "fields": {
            "user": 10,
            "team": 2,
            "level": 1,
            "level_points": 0
        }
    },
    {
        "model": "matches.matchplayer",
        "pk": 11,
        "fields": {
            "user": 11,
            "team": 4,
            "level": 1,
            "level_points": 0
        }
    },
    {
        "model": "matches.matchplayer",
        "pk": 12,
        "fields": {
            "user": 2,
            "team": 3,
            "level": 1,
            "level_points": 0
        }
    },
    {
        "model": "matches.matchplayer",
        "pk": 13,
        "fields": {
            "user": 3,
            "team": 3,
            "level": 1,
            "level_points": 0
        }
    },
    {
        "model": "matches.matchplayer",
        "pk": 14,
        "fields": {
            "user": 4,
            "team": 3,
            "level": 1,
            "level_points": 0
        }
    },
    {
        "model": "matches.matchplayer",
        "pk": 15,
        "fields": {
            "user": 5,
            "team": 3,
            "level": 1,
            "level_points": 0
        }
    },
    {
        "model": "matches.matchplayer",
        "pk": 16,
        "fields": {
            "user": 6,
            "team": 3,
            "level": 1,
            "level_points": 0
        }
    },
    {
        "model": "matches.matchplayer",
        "pk": 17,
        "fields": {
            "user": 7,
            "team": 4,
            "level": 1,
            "level_points": 0
        }
    },
    {
        "model": "matches.matchplayer",
        "pk": 18,
        "fields": {
            "user": 8,
            "team": 4,
            "level": 1,
            "level_points": 0
        }
    },
    {
        "model": "matches.matchplayer",
        "pk": 20,
        "fields": {
            "user": 9,
            "team": 4,
            "level": 1,
            "level_points": 0
        }
    },
    {
        "model": "matches.matchplayer",
        "pk": 21,
        "fields": {
            "user": 10,
            "team": 4,
            "level": 1,
            "level_points": 0
        }
    },
    {
        "model": "matches.matchplayerstats",
        "pk": 1,
        "fields": {
            "player": 1,
            "kills": 0,
            "deaths": 0,
            "assists": 0,
            "damage": 0,
            "hs_kills": 0,
            "afk": 0,
            "plants": 0,
            "defuses": 0,
            "double_kills": 0,
            "triple_kills": 0,
            "quadra_kills": 0,
            "aces": 0,
            "clutch_v1": 0,
            "clutch_v2": 0,
            "clutch_v3": 0,
            "clutch_v4": 0,
            "clutch_v5": 0,
            "firstkills": 0,
            "shots_fired": 0,
            "head_shots": 0,
            "chest_shots": 0,
            "other_shots": 0
        }
    },
    {
        "model": "matches.matchplayerstats",
        "pk": 2,
        "fields": {
            "player": 2,
            "kills": 0,
            "deaths": 0,
            "assists": 0,
            "damage": 0,
            "hs_kills": 0,
            "afk": 0,
            "plants": 0,
            "defuses": 0,
            "double_kills": 0,
            "triple_kills": 0,
            "quadra_kills": 0,
            "aces": 0,
            "clutch_v1": 0,
            "clutch_v2": 0,
            "clutch_v3": 0,
            "clutch_v4": 0,
            "clutch_v5": 0,
            "firstkills": 0,
            "shots_fired": 0,
            "head_shots": 0,
            "chest_shots": 0,
            "other_shots": 0
        }
    },
    {
        "model": "matches.matchplayerstats",
        "pk": 3,
        "fields": {
            "player": 3,
            "kills": 0,
            "deaths": 0,
            "assists": 0,
            "damage": 0,
            "hs_kills": 0,
            "afk": 0,
            "plants": 0,
            "defuses": 0,
            "double_kills": 0,
            "triple_kills": 0,
            "quadra_kills": 0,
            "aces": 0,
            "clutch_v1": 0,
            "clutch_v2": 0,
            "clutch_v3": 0,
            "clutch_v4": 0,
            "clutch_v5": 0,
            "firstkills": 0,
            "shots_fired": 0,
            "head_shots": 0,
            "chest_shots": 0,
            "other_shots": 0
        }
    },
    {
        "model": "matches.matchplayerstats",
        "pk": 4,
        "fields": {
            "player": 4,
            "kills": 0,
            "deaths": 0,
            "assists": 0,
            "damage": 0,
            "hs_kills": 0,
            "afk": 0,
            "plants": 0,
            "defuses": 0,
            "double_kills": 0,
            "triple_kills": 0,
            "quadra_kills": 0,
            "aces": 0,
            "clutch_v1": 0,
            "clutch_v2": 0,
            "clutch_v3": 0,
            "clutch_v4": 0,
            "clutch_v5": 0,
            "firstkills": 0,
            "shots_fired": 0,
            "head_shots": 0,
            "chest_shots": 0,
            "other_shots": 0
        }
    },
    {
        "model": "matches.matchplayerstats",
        "pk": 5,
        "fields": {
            "player": 5,
            "kills": 0,
            "deaths": 0,
            "assists": 0,
            "damage": 0,
            "hs_kills": 0,
            "afk": 0,
            "plants": 0,
            "defuses": 0,
            "double_kills": 0,
            "triple_kills": 0,
            "quadra_kills": 0,
            "aces": 0,
            "clutch_v1": 0,
            "clutch_v2": 0,
            "clutch_v3": 0,
            "clutch_v4": 0,
            "clutch_v5": 0,
            "firstkills": 0,
            "shots_fired": 0,
            "head_shots": 0,
            "chest_shots": 0,
            "other_shots": 0
        }
    },
    {
        "model": "matches.matchplayerstats",
        "pk": 6,
        "fields": {
            "player": 6,
            "kills": 0,
            "deaths": 0,
            "assists": 0,
            "damage": 0,
            "hs_kills": 0,
            "afk": 0,
            "plants": 0,
            "defuses": 0,
            "double_kills": 0,
            "triple_kills": 0,
            "quadra_kills": 0,
            "aces": 0,
            "clutch_v1": 0,
            "clutch_v2": 0,
            "clutch_v3": 0,
            "clutch_v4": 0,
            "clutch_v5": 0,
            "firstkills": 0,
            "shots_fired": 0,
            "head_shots": 0,
            "chest_shots": 0,
            "other_shots": 0
        }
    },
    {
        "model": "matches.matchplayerstats",
        "pk": 7,
        "fields": {
            "player": 7,
            "kills": 0,
            "deaths": 0,
            "assists": 0,
            "damage": 0,
            "hs_kills": 0,
            "afk": 0,
            "plants": 0,
            "defuses": 0,
            "double_kills": 0,
            "triple_kills": 0,
            "quadra_kills": 0,
            "aces": 0,
            "clutch_v1": 0,
            "clutch_v2": 0,
            "clutch_v3": 0,
            "clutch_v4": 0,
            "clutch_v5": 0,
            "firstkills": 0,
            "shots_fired": 0,
            "head_shots": 0,
            "chest_shots": 0,
            "other_shots": 0
        }
    },
    {
        "model": "matches.matchplayerstats",
        "pk": 8,
        "fields": {
            "player": 8,
            "kills": 0,
            "deaths": 0,
            "assists": 0,
            "damage": 0,
            "hs_kills": 0,
            "afk": 0,
            "plants": 0,
            "defuses": 0,
            "double_kills": 0,
            "triple_kills": 0,
            "quadra_kills": 0,
            "aces": 0,
            "clutch_v1": 0,
            "clutch_v2": 0,
            "clutch_v3": 0,
            "clutch_v4": 0,
            "clutch_v5": 0,
            "firstkills": 0,
            "shots_fired": 0,
            "head_shots": 0,
            "chest_shots": 0,
            "other_shots": 0
        }
    },
    {
        "model": "matches.matchplayerstats",
        "pk": 9,
        "fields": {
            "player": 9,
            "kills": 0,
            "deaths": 0,
            "assists": 0,
            "damage": 0,
            "hs_kills": 0,
            "afk": 0,
            "plants": 0,
            "defuses": 0,
            "double_kills": 0,
            "triple_kills": 0,
            "quadra_kills": 0,
            "aces": 0,
            "clutch_v1": 0,
            "clutch_v2": 0,
            "clutch_v3": 0,
            "clutch_v4": 0,
            "clutch_v5": 0,
            "firstkills": 0,
            "shots_fired": 0,
            "head_shots": 0,
            "chest_shots": 0,
            "other_shots": 0
        }
    },
    {
        "model": "matches.matchplayerstats",
        "pk": 10,
        "fields": {
            "player": 10,
            "kills": 0,
            "deaths": 0,
            "assists": 0,
            "damage": 0,
            "hs_kills": 0,
            "afk": 0,
            "plants": 0,
            "defuses": 0,
            "double_kills": 0,
            "triple_kills": 0,
            "quadra_kills": 0,
            "aces": 0,
            "clutch_v1": 0,
            "clutch_v2": 0,
            "clutch_v3": 0,
            "clutch_v4": 0,
            "clutch_v5": 0,
            "firstkills": 0,
            "shots_fired": 0,
            "head_shots": 0,
            "chest_shots": 0,
            "other_shots": 0
        }
    },
    {
        "model": "matches.matchplayerstats",
        "pk": 11,
        "fields": {
            "player": 11,
            "kills": 0,
            "deaths": 0,
            "assists": 0,
            "damage": 0,
            "hs_kills": 0,
            "afk": 0,
            "plants": 0,
            "defuses": 0,
            "double_kills": 0,
            "triple_kills": 0,
            "quadra_kills": 0,
            "aces": 0,
            "clutch_v1": 0,
            "clutch_v2": 0,
            "clutch_v3": 0,
            "clutch_v4": 0,
            "clutch_v5": 0,
            "firstkills": 0,
            "shots_fired": 0,
            "head_shots": 0,
            "chest_shots": 0,
            "other_shots": 0
        }
    },
    {
        "model": "matches.matchplayerstats",
        "pk": 12,
        "fields": {
            "player": 12,
            "kills": 0,
            "deaths": 0,
            "assists": 0,
            "damage": 0,
            "hs_kills": 0,
            "afk": 0,
            "plants": 0,
            "defuses": 0,
            "double_kills": 0,
            "triple_kills": 0,
            "quadra_kills": 0,
            "aces": 0,
            "clutch_v1": 0,
            "clutch_v2": 0,
            "clutch_v3": 0,
            "clutch_v4": 0,
            "clutch_v5": 0,
            "firstkills": 0,
            "shots_fired": 0,
            "head_shots": 0,
            "chest_shots": 0,
            "other_shots": 0
        }
    },
    {
        "model": "matches.matchplayerstats",
        "pk": 13,
        "fields": {
            "player": 13,
            "kills": 0,
            "deaths": 0,
            "assists": 0,
            "damage": 0,
            "hs_kills": 0,
            "afk": 0,
            "plants": 0,
            "defuses": 0,
            "double_kills": 0,
            "triple_kills": 0,
            "quadra_kills": 0,
            "aces": 0,
            "clutch_v1": 0,
            "clutch_v2": 0,
            "clutch_v3": 0,
            "clutch_v4": 0,
            "clutch_v5": 0,
            "firstkills": 0,
            "shots_fired": 0,
            "head_shots": 0,
            "chest_shots": 0,
            "other_shots": 0
        }
    },
    {
        "model": "matches.matchplayerstats",
        "pk": 14,
        "fields": {
            "player": 14,
            "kills": 0,
            "deaths": 0,
            "assists": 0,
            "damage": 0,
            "hs_kills": 0,
            "afk": 0,
            "plants": 0,
            "defuses": 0,
            "double_kills": 0,
            "triple_kills": 0,
            "quadra_kills": 0,
            "aces": 0,
            "clutch_v1": 0,
            "clutch_v2": 0,
            "clutch_v3": 0,
            "clutch_v4": 0,
            "clutch_v5": 0,
            "firstkills": 0,
            "shots_fired": 0,
            "head_shots": 0,
            "chest_shots": 0,
            "other_shots": 0
        }
    },
    {
        "model": "matches.matchplayerstats",
        "pk": 15,
        "fields": {
            "player": 15,
            "kills": 0,
            "deaths": 0,
            "assists": 0,
            "damage": 0,
            "hs_kills": 0,
            "afk": 0,
            "plants": 0,
            "defuses": 0,
            "double_kills": 0,
            "triple_kills": 0,
            "quadra_kills": 0,
            "aces": 0,
            "clutch_v1": 0,
            "clutch_v2": 0,
            "clutch_v3": 0,
            "clutch_v4": 0,
            "clutch_v5": 0,
            "firstkills": 0,
            "shots_fired": 0,
            "head_shots": 0,
            "chest_shots": 0,
            "other_shots": 0
        }
    },
    {
        "model": "matches.matchplayerstats",
        "pk": 16,
        "fields": {
            "player": 16,
            "kills": 0,
            "deaths": 0,
            "assists": 0,
            "damage": 0,
            "hs_kills": 0,
            "afk": 0,
            "plants": 0,
            "defuses": 0,
            "double_kills": 0,
            "triple_kills": 0,
            "quadra_kills": 0,
            "aces": 0,
            "clutch_v1": 0,
            "clutch_v2": 0,
            "clutch_v3": 0,
            "clutch_v4": 0,
            "clutch_v5": 0,
            "firstkills": 0,
            "shots_fired": 0,
            "head_shots": 0,
            "chest_shots": 0,
            "other_shots": 0
        }
    },
    {
        "model": "matches.matchplayerstats",
        "pk": 17,
        "fields": {
            "player": 17,
            "kills": 0,
            "deaths": 0,
            "assists": 0,
            "damage": 0,
            "hs_kills": 0,
            "afk": 0,
            "plants": 0,
            "defuses": 0,
            "double_kills": 0,
            "triple_kills": 0,
            "quadra_kills": 0,
            "aces": 0,
            "clutch_v1": 0,
            "clutch_v2": 0,
            "clutch_v3": 0,
            "clutch_v4": 0,
            "clutch_v5": 0,
            "firstkills": 0,
            "shots_fired": 0,
            "head_shots": 0,
            "chest_shots": 0,
            "other_shots": 0
        }
    },
    {
        "model": "matches.matchplayerstats",
        "pk": 18,
        "fields": {
            "player": 18,
            "kills": 0,
            "deaths": 0,
            "assists": 0,
            "damage": 0,
            "hs_kills": 0,
            "afk": 0,
            "plants": 0,
            "defuses": 0,
            "double_kills": 0,
            "triple_kills": 0,
            "quadra_kills": 0,
            "aces": 0,
            "clutch_v1": 0,
            "clutch_v2": 0,
            "clutch_v3": 0,
            "clutch_v4": 0,
            "clutch_v5": 0,
            "firstkills": 0,
            "shots_fired": 0,
            "head_shots": 0,
            "chest_shots": 0,
            "other_shots": 0
        }
    },
    {
        "model": "matches.matchplayerstats",
        "pk": 20,
        "fields": {
            "player": 20,
            "kills": 0,
            "deaths": 0,
            "assists": 0,
            "damage": 0,
            "hs_kills": 0,
            "afk": 0,
            "plants": 0,
            "defuses": 0,
            "double_kills": 0,
            "triple_kills": 0,
            "quadra_kills": 0,
            "aces": 0,
            "clutch_v1": 0,
            "clutch_v2": 0,
            "clutch_v3": 0,
            "clutch_v4": 0,
            "clutch_v5": 0,
            "firstkills": 0,
            "shots_fired": 0,
            "head_shots": 0,
            "chest_shots": 0,
            "other_shots": 0
        }
    },
    {
        "model": "matches.matchplayerstats",
        "pk": 21,
        "fields": {
            "player": 21,
            "kills": 0,
            "deaths": 0,
            "assists": 0,
            "damage": 0,
            "hs_kills": 0,
            "afk": 0,
            "plants": 0,
            "defuses": 0,
            "double_kills": 0,
            "triple_kills": 0,
            "quadra_kills": 0,
            "aces": 0,
            "clutch_v1": 0,
            "clutch_v2": 0,
            "clutch_v3": 0,
            "clutch_v4": 0,
            "clutch_v5": 0,
            "firstkills": 0,
            "shots_fired": 0,
            "head_shots": 0,
            "chest_shots": 0,
            "other_shots": 0
        }
    },
    {
        "model": "store.collection",
        "pk": 3,
        "fields": {
            "name": "Coleção Primal",
            "handle": "colecao-primal",
            "price": 4950,
            "create_date": "2024-01-27T17:28:59.198Z",
            "release_date": "2024-01-27T17:29:03.310Z",
            "is_available": true,
            "description": "Das selvas, dos primórdios, dos ancestrais. Nossa primeira coleção autoral vai despertar o seu lado mais selvagem nos mapas.",
            "discount": 0,
            "foreground_image": "store/colecao-primal/media/foreground__RPoqkM__colecao-primal.png",
            "cover_image": "store/colecao-primal/media/cover__sHjbs3__colecao-primal.png",
            "featured_image": "store/colecao-primal/media/featured__aWn6l1__colecao-primal.png",
            "featured": true
        }
    },
    {
        "model": "store.item",
        "pk": 18,
        "fields": {
            "name": "Spray Reload Cola Aê!",
            "item_type": "spray",
            "subtype": null,
            "weapon": null,
            "handle": "spray-spray-reload-cola-ae",
            "price": 0,
            "create_date": "2024-01-27T17:41:38.051Z",
            "release_date": null,
            "is_available": false,
            "description": "Cola aê com os parceiros pra trocar tiro nos nossos mapas!",
            "discount": 0,
            "foreground_image": "store/spray-spray-reload-cola-ae/media/foreground__1ktnEg__spray-spray-reload-cola-ae.png",
            "cover_image": "store/spray-spray-reload-cola-ae/media/cover__bsF4c2__spray-spray-reload-cola-ae.png",
            "featured_image": "",
            "decorative_image": "",
            "box": null,
            "box_draw_chance": null,
            "collection": null,
            "featured": false,
            "is_starter": true
        }
    },
    {
        "model": "store.item",
        "pk": 19,
        "fields": {
            "name": "Spray A morte é Red",
            "item_type": "spray",
            "subtype": null,
            "weapon": null,
            "handle": "spray-spray-a-morte-e-red",
            "price": 760,
            "create_date": "2024-01-27T17:43:06.452Z",
            "release_date": "2024-01-27T18:29:29.470Z",
            "is_available": true,
            "description": "Vacilou é Red neles!",
            "discount": 0,
            "foreground_image": "store/spray-spray-a-morte-e-red/media/foreground__hC1mB8__spray-spray-a-morte-e-red.png",
            "cover_image": "store/spray-spray-a-morte-e-red/media/cover__XqUnfa__spray-spray-a-morte-e-red.png",
            "featured_image": "",
            "decorative_image": "",
            "box": null,
            "box_draw_chance": null,
            "collection": null,
            "featured": false,
            "is_starter": false
        }
    },
    {
        "model": "store.item",
        "pk": 20,
        "fields": {
            "name": "Spray Beta First",
            "item_type": "spray",
            "subtype": null,
            "weapon": null,
            "handle": "spray-spray-beta-first",
            "price": 999999,
            "create_date": "2024-01-27T17:43:47.279Z",
            "release_date": null,
            "is_available": false,
            "description": "Chegou cedo hein! Você merece esse spray, toma aqui!",
            "discount": 0,
            "foreground_image": "store/spray-spray-beta-first/media/foreground__vv7QWl__spray-spray-beta-first.png",
            "cover_image": "store/spray-spray-beta-first/media/cover__NG9f5I__spray-spray-beta-first.png",
            "featured_image": "",
            "decorative_image": "",
            "box": null,
            "box_draw_chance": null,
            "collection": null,
            "featured": false,
            "is_starter": false
        }
    },
    {
        "model": "store.item",
        "pk": 21,
        "fields": {
            "name": "Spray Beta: Made for Gamers",
            "item_type": "spray",
            "subtype": null,
            "weapon": null,
            "handle": "spray-spray-beta-made-for-gamers",
            "price": 999999,
            "create_date": "2024-01-27T17:44:42.174Z",
            "release_date": null,
            "is_available": false,
            "description": "O Beta é seu, gamer! Pera aí... você é gamer né?",
            "discount": 0,
            "foreground_image": "store/spray-spray-beta-made-for-gamers/media/foreground__yv9UHN__spray-spray-beta-made-f_f6Bc2gh.png",
            "cover_image": "store/spray-spray-beta-made-for-gamers/media/cover__SaltcO__spray-spray-beta-made-for-gamers.png",
            "featured_image": "",
            "decorative_image": "",
            "box": null,
            "box_draw_chance": null,
            "collection": null,
            "featured": false,
            "is_starter": false
        }
    },
    {
        "model": "store.item",
        "pk": 22,
        "fields": {
            "name": "Spray Beta V1.0",
            "item_type": "spray",
            "subtype": null,
            "weapon": null,
            "handle": "spray-spray-beta-v10",
            "price": 999999,
            "create_date": "2024-01-27T17:46:39.714Z",
            "release_date": null,
            "is_available": false,
            "description": "Instalando versão 1.0... error... Iniciando projeto Beta v1.0... sucesso!",
            "discount": 0,
            "foreground_image": "store/spray-spray-beta-v10/media/foreground__fpsolU__spray-spray-beta-v10.png",
            "cover_image": "store/spray-spray-beta-v10/media/cover__eGTqV9__spray-spray-beta-v10.png",
            "featured_image": "",
            "decorative_image": "",
            "box": null,
            "box_draw_chance": null,
            "collection": null,
            "featured": false,
            "is_starter": false
        }
    },
    {
        "model": "store.item",
        "pk": 23,
        "fields": {
            "name": "Spray COM PLE XO",
            "item_type": "spray",
            "subtype": null,
            "weapon": null,
            "handle": "spray-spray-com-ple-xo",
            "price": 760,
            "create_date": "2024-01-27T17:47:16.803Z",
            "release_date": "2024-01-27T18:29:23.553Z",
            "is_available": true,
            "description": "É o CPX né vida...",
            "discount": 0,
            "foreground_image": "store/spray-spray-com-ple-xo/media/foreground__MuHNko__spray-spray-com-ple-xo.png",
            "cover_image": "store/spray-spray-com-ple-xo/media/cover__BXbUxp__spray-spray-com-ple-xo.png",
            "featured_image": "",
            "decorative_image": "",
            "box": null,
            "box_draw_chance": null,
            "collection": null,
            "featured": false,
            "is_starter": false
        }
    },
    {
        "model": "store.item",
        "pk": 24,
        "fields": {
            "name": "Spray CPX O Final",
            "item_type": "spray",
            "subtype": null,
            "weapon": null,
            "handle": "spray-spray-cpx-o-final",
            "price": 760,
            "create_date": "2024-01-27T17:47:54.559Z",
            "release_date": "2024-01-27T18:29:21.525Z",
            "is_available": true,
            "description": "E quando você percebe que O Final não muda...",
            "discount": 0,
            "foreground_image": "store/spray-spray-cpx-o-final/media/foreground__jCyzl7__spray-spray-cpx-o-final.png",
            "cover_image": "store/spray-spray-cpx-o-final/media/cover__uhRHDa__spray-spray-cpx-o-final.png",
            "featured_image": "",
            "decorative_image": "",
            "box": null,
            "box_draw_chance": null,
            "collection": null,
            "featured": false,
            "is_starter": false
        }
    },
    {
        "model": "store.item",
        "pk": 25,
        "fields": {
            "name": "Spray CPX Tá Tega",
            "item_type": "spray",
            "subtype": null,
            "weapon": null,
            "handle": "spray-spray-cpx-ta-tega",
            "price": 760,
            "create_date": "2024-01-27T17:48:20.267Z",
            "release_date": "2024-01-27T18:29:19.368Z",
            "is_available": true,
            "description": "O CPX tá lindo, tá tega demais!",
            "discount": 0,
            "foreground_image": "store/spray-spray-cpx-ta-tega/media/foreground__EXXVA3__spray-spray-cpx-ta-tega.png",
            "cover_image": "store/spray-spray-cpx-ta-tega/media/cover__cA0IJY__spray-spray-cpx-ta-tega.png",
            "featured_image": "",
            "decorative_image": "",
            "box": null,
            "box_draw_chance": null,
            "collection": null,
            "featured": false,
            "is_starter": false
        }
    },
    {
        "model": "store.item",
        "pk": 26,
        "fields": {
            "name": "Spray Dislike",
            "item_type": "spray",
            "subtype": null,
            "weapon": null,
            "handle": "spray-spray-dislike",
            "price": 450,
            "create_date": "2024-01-27T17:48:57.416Z",
            "release_date": "2024-01-27T18:29:16.156Z",
            "is_available": true,
            "description": "Nada a ver isso aí, time...",
            "discount": 0,
            "foreground_image": "store/spray-spray-dislike/media/foreground__5mqQUJ__spray-spray-dislike.png",
            "cover_image": "store/spray-spray-dislike/media/cover__d7EZqh__spray-spray-dislike.png",
            "featured_image": "",
            "decorative_image": "",
            "box": null,
            "box_draw_chance": null,
            "collection": null,
            "featured": false,
            "is_starter": false
        }
    },
    {
        "model": "store.item",
        "pk": 27,
        "fields": {
            "name": "Spray Fala se não é",
            "item_type": "spray",
            "subtype": null,
            "weapon": null,
            "handle": "spray-spray-fala-se-nao-e",
            "price": 760,
            "create_date": "2024-01-27T17:49:45.082Z",
            "release_date": "2024-01-27T18:29:10.888Z",
            "is_available": true,
            "description": "É eleeeeeeee... o PAAAAAAAAA...",
            "discount": 0,
            "foreground_image": "store/spray-spray-fala-se-nao-e/media/foreground__gHoNhq__spray-spray-fala-se-nao-e.png",
            "cover_image": "store/spray-spray-fala-se-nao-e/media/cover__XSqt6V__spray-spray-fala-se-nao-e.png",
            "featured_image": "",
            "decorative_image": "",
            "box": null,
            "box_draw_chance": null,
            "collection": null,
            "featured": false,
            "is_starter": false
        }
    },
    {
        "model": "store.item",
        "pk": 28,
        "fields": {
            "name": "Spray Like",
            "item_type": "spray",
            "subtype": null,
            "weapon": null,
            "handle": "spray-spray-like",
            "price": 450,
            "create_date": "2024-01-27T18:17:17.212Z",
            "release_date": "2024-01-27T18:29:08.653Z",
            "is_available": true,
            "description": "Agora sim, bem jogado!",
            "discount": 0,
            "foreground_image": "store/spray-spray-like/media/foreground__xVkdY9__spray-spray-like.png",
            "cover_image": "store/spray-spray-like/media/cover__DzRp2Y__spray-spray-like.png",
            "featured_image": "",
            "decorative_image": "",
            "box": null,
            "box_draw_chance": null,
            "collection": null,
            "featured": false,
            "is_starter": false
        }
    },
    {
        "model": "store.item",
        "pk": 29,
        "fields": {
            "name": "Spray Primal Be Wild",
            "item_type": "spray",
            "subtype": null,
            "weapon": null,
            "handle": "spray-spray-primal-be-wild",
            "price": 625,
            "create_date": "2024-01-27T18:18:10.653Z",
            "release_date": null,
            "is_available": false,
            "description": "Das selvas, dos primórdios, dos ancestrais. Nossa primeira coleção autoral vai despertar o seu lado mais selvagem nos mapas.",
            "discount": 0,
            "foreground_image": "store/spray-spray-primal-be-wild/media/foreground__09fDZa__spray-spray-primal-be-wild.png",
            "cover_image": "store/spray-spray-primal-be-wild/media/cover__2n9jfh__spray-spray-primal-be-wild.png",
            "featured_image": "",
            "decorative_image": "",
            "box": null,
            "box_draw_chance": null,
            "collection": 3,
            "featured": false,
            "is_starter": false
        }
    },
    {
        "model": "store.item",
        "pk": 30,
        "fields": {
            "name": "Spray Primal Tribal",
            "item_type": "spray",
            "subtype": null,
            "weapon": null,
            "handle": "spray-spray-primal-tribal",
            "price": 625,
            "create_date": "2024-01-27T18:18:57.871Z",
            "release_date": null,
            "is_available": false,
            "description": "Das selvas, dos primórdios, dos ancestrais. Nossa primeira coleção autoral vai despertar o seu lado mais selvagem nos mapas.",
            "discount": 0,
            "foreground_image": "store/spray-spray-primal-tribal/media/foreground__9xDC5x__spray-spray-primal-tribal.png",
            "cover_image": "store/spray-spray-primal-tribal/media/cover__Tq3oRE__spray-spray-primal-tribal.png",
            "featured_image": "",
            "decorative_image": "",
            "box": null,
            "box_draw_chance": null,
            "collection": 3,
            "featured": false,
            "is_starter": false
        }
    },
    {
        "model": "store.item",
        "pk": 31,
        "fields": {
            "name": "Spray Reload Fade",
            "item_type": "spray",
            "subtype": null,
            "weapon": null,
            "handle": "spray-spray-reload-fade",
            "price": 0,
            "create_date": "2024-01-27T18:19:39.130Z",
            "release_date": "2024-01-27T18:28:53.244Z",
            "is_available": false,
            "description": "Saímos agora do forno. Tentaram tirar a etiqueta, mas não deu certo...",
            "discount": 0,
            "foreground_image": "store/spray-spray-reload-fade/media/foreground__MSibD4__spray-spray-reload-fade.png",
            "cover_image": "store/spray-spray-reload-fade/media/cover__DsujXe__spray-spray-reload-fade.png",
            "featured_image": "",
            "decorative_image": "",
            "box": null,
            "box_draw_chance": null,
            "collection": null,
            "featured": false,
            "is_starter": false
        }
    },
    {
        "model": "store.item",
        "pk": 32,
        "fields": {
            "name": "Spray Sangue do meu Sangue",
            "item_type": "spray",
            "subtype": null,
            "weapon": null,
            "handle": "spray-spray-sangue-do-meu-sangue",
            "price": 760,
            "create_date": "2024-01-27T18:25:58.891Z",
            "release_date": "2024-01-27T18:28:51.193Z",
            "is_available": true,
            "description": "Diz se você não é... eu sou, todo mundo é. E ele é muito Sangue do meu Sangue!",
            "discount": 0,
            "foreground_image": "store/spray-spray-sangue-do-meu-sangue/media/foreground__1CQG6M__spray-spray-sangue-do-m_UgIOmPn.png",
            "cover_image": "store/spray-spray-sangue-do-meu-sangue/media/cover__VUUym3__spray-spray-sangue-do-meu-sangue.png",
            "featured_image": "",
            "decorative_image": "",
            "box": null,
            "box_draw_chance": null,
            "collection": null,
            "featured": false,
            "is_starter": false
        }
    },
    {
        "model": "store.item",
        "pk": 33,
        "fields": {
            "name": "Spray Vapo!",
            "item_type": "spray",
            "subtype": null,
            "weapon": null,
            "handle": "spray-spray-vapo",
            "price": 625,
            "create_date": "2024-01-27T18:26:29.428Z",
            "release_date": "2024-01-27T18:28:49.272Z",
            "is_available": true,
            "description": "Del V4le é suco, Del Mole é Vapo!",
            "discount": 0,
            "foreground_image": "store/spray-spray-vapo/media/foreground__uaLxrA__spray-spray-vapo.png",
            "cover_image": "store/spray-spray-vapo/media/cover__AHIXvw__spray-spray-vapo.png",
            "featured_image": "",
            "decorative_image": "",
            "box": null,
            "box_draw_chance": null,
            "collection": null,
            "featured": false,
            "is_starter": false
        }
    },
    {
        "model": "store.item",
        "pk": 34,
        "fields": {
            "name": "Spray W",
            "item_type": "spray",
            "subtype": null,
            "weapon": null,
            "handle": "spray-spray-w",
            "price": 625,
            "create_date": "2024-01-27T18:27:13.018Z",
            "release_date": "2024-01-27T18:28:46.679Z",
            "is_available": true,
            "description": "W até o final! Só para quando ganhar ou perder...",
            "discount": 0,
            "foreground_image": "store/spray-spray-w/media/foreground__LZWiM0__spray-spray-w.png",
            "cover_image": "store/spray-spray-w/media/cover__uxA1Ax__spray-spray-w.png",
            "featured_image": "",
            "decorative_image": "",
            "box": null,
            "box_draw_chance": null,
            "collection": null,
            "featured": false,
            "is_starter": false
        }
    },
    {
        "model": "store.item",
        "pk": 35,
        "fields": {
            "name": "Spray Xei de ódio",
            "item_type": "spray",
            "subtype": null,
            "weapon": null,
            "handle": "spray-spray-xei-de-odio",
            "price": 760,
            "create_date": "2024-01-27T18:27:44.675Z",
            "release_date": "2024-01-27T18:28:34.495Z",
            "is_available": true,
            "description": "Não me perturba não hein... to xei de ódio hoje!",
            "discount": 0,
            "foreground_image": "store/spray-spray-xei-de-odio/media/foreground__0Eqx8p__spray-spray-xei-de-odio.png",
            "cover_image": "store/spray-spray-xei-de-odio/media/cover__l6gBUd__spray-spray-xei-de-odio.png",
            "featured_image": "",
            "decorative_image": "",
            "box": null,
            "box_draw_chance": null,
            "collection": null,
            "featured": false,
            "is_starter": false
        }
    },
    {
        "model": "store.item",
        "pk": 36,
        "fields": {
            "name": "Card FIB",
            "item_type": "decorative",
            "subtype": "card",
            "weapon": null,
            "handle": "decorative-card-card-fib",
            "price": 250,
            "create_date": "2024-01-27T18:30:30.243Z",
            "release_date": "2024-01-27T18:35:37.100Z",
            "is_available": true,
            "description": "Quem é o próximo investigado na FIB?",
            "discount": 0,
            "foreground_image": "store/decorative-card-card-fib/media/foreground__ZIFkux__decorative-card-card-fib.png",
            "cover_image": "store/decorative-card-card-fib/media/cover__gXah2C__decorative-card-card-fib.png",
            "featured_image": "",
            "decorative_image": "store/decorative-card-card-fib/media/decorative__gG4Pwv__decorative-card-card-fib.png",
            "box": null,
            "box_draw_chance": null,
            "collection": null,
            "featured": false,
            "is_starter": false
        }
    },
    {
        "model": "store.item",
        "pk": 37,
        "fields": {
            "name": "Card Beta: Made for Gamers",
            "item_type": "decorative",
            "subtype": "card",
            "weapon": null,
            "handle": "decorative-card-card-beta-made-for-gamers",
            "price": 999999,
            "create_date": "2024-01-27T18:31:51.424Z",
            "release_date": null,
            "is_available": false,
            "description": "O Beta é seu gamer! Pera aí... você é gamer né?",
            "discount": 0,
            "foreground_image": "store/decorative-card-card-beta-made-for-gamers/media/foreground__0RH6Hu__decorative-car_iG0YcxK.png",
            "cover_image": "store/decorative-card-card-beta-made-for-gamers/media/cover__oZdqQf__decorative-card-car_4STZ1NJ.png",
            "featured_image": "",
            "decorative_image": "store/decorative-card-card-beta-made-for-gamers/media/decorative__JWGoiK__decorative-car_oZF52IE.png",
            "box": null,
            "box_draw_chance": null,
            "collection": null,
            "featured": false,
            "is_starter": false
        }
    },
    {
        "model": "store.item",
        "pk": 38,
        "fields": {
            "name": "Card Beta v1.0",
            "item_type": "decorative",
            "subtype": "card",
            "weapon": null,
            "handle": "decorative-card-card-beta-v10",
            "price": 999999,
            "create_date": "2024-01-27T18:32:41.096Z",
            "release_date": null,
            "is_available": false,
            "description": "Instalando versão 1.0... error... Iniciando projeto Beta v1.0... sucesso!",
            "discount": 999999,
            "foreground_image": "store/decorative-card-card-beta-v10/media/foreground__ABFrzI__decorative-card-card-beta-v10.png",
            "cover_image": "store/decorative-card-card-beta-v10/media/cover__6bHMfn__decorative-card-card-beta-v10.png",
            "featured_image": "",
            "decorative_image": "store/decorative-card-card-beta-v10/media/decorative__0SNp6s__decorative-card-card-beta-v10.png",
            "box": null,
            "box_draw_chance": null,
            "collection": null,
            "featured": false,
            "is_starter": false
        }
    },
    {
        "model": "store.item",
        "pk": 39,
        "fields": {
            "name": "Card Primal",
            "item_type": "decorative",
            "subtype": "card",
            "weapon": null,
            "handle": "decorative-card-card-primal",
            "price": 450,
            "create_date": "2024-01-27T18:33:09.262Z",
            "release_date": null,
            "is_available": false,
            "description": "Das selvas, dos primórdios, dos ancestrais. Nossa primeira coleção autoral vai despertar o seu lado mais selvagem nos mapas.",
            "discount": 0,
            "foreground_image": "store/decorative-card-card-primal/media/foreground__2ibljc__decorative-card-card-primal.png",
            "cover_image": "store/decorative-card-card-primal/media/cover__DYU2hn__decorative-card-card-primal.png",
            "featured_image": "",
            "decorative_image": "store/decorative-card-card-primal/media/decorative__lbzF3k__decorative-card-card-primal.png",
            "box": null,
            "box_draw_chance": null,
            "collection": 3,
            "featured": false,
            "is_starter": false
        }
    },
    {
        "model": "store.item",
        "pk": 40,
        "fields": {
            "name": "Perfil Beta: Made for Gamers",
            "item_type": "decorative",
            "subtype": "profile",
            "weapon": null,
            "handle": "decorative-profile-perfil-beta-made-for-gamers",
            "price": 999999,
            "create_date": "2024-01-27T18:33:37.450Z",
            "release_date": null,
            "is_available": false,
            "description": "O Beta é seu gamer! Pera aí... você é gamer né?",
            "discount": 0,
            "foreground_image": "store/decorative-profile-perfil-beta-made-for-gamers/media/foreground__70cMxA__decorativ_EbxIacQ.png",
            "cover_image": "store/decorative-profile-perfil-beta-made-for-gamers/media/cover__ryPZMo__decorative-pro_3rWC2C4.png",
            "featured_image": "",
            "decorative_image": "store/decorative-profile-perfil-beta-made-for-gamers/media/decorative__Mbg0cf__decorativ_1eptvim.png",
            "box": null,
            "box_draw_chance": null,
            "collection": null,
            "featured": false,
            "is_starter": false
        }
    },
    {
        "model": "store.item",
        "pk": 41,
        "fields": {
            "name": "Perfil Beta v1.0",
            "item_type": "decorative",
            "subtype": "profile",
            "weapon": null,
            "handle": "decorative-profile-perfil-beta-v10",
            "price": 999999,
            "create_date": "2024-01-27T18:34:08.819Z",
            "release_date": null,
            "is_available": false,
            "description": "Instalando versão 1.0... error... Iniciando projeto Beta v1.0... sucesso!",
            "discount": 0,
            "foreground_image": "store/decorative-profile-perfil-beta-v10/media/foreground__zcfW3V__decorative-profile-pe_ugdr4RE.png",
            "cover_image": "store/decorative-profile-perfil-beta-v10/media/cover__w811Xj__decorative-profile-perfil-beta-v10.png",
            "featured_image": "",
            "decorative_image": "store/decorative-profile-perfil-beta-v10/media/decorative__lZzL0o__decorative-profile-pe_Qkvp6H8.png",
            "box": null,
            "box_draw_chance": null,
            "collection": null,
            "featured": false,
            "is_starter": false
        }
    },
    {
        "model": "store.item",
        "pk": 42,
        "fields": {
            "name": "Perfil FIB",
            "item_type": "decorative",
            "subtype": "profile",
            "weapon": null,
            "handle": "decorative-profile-perfil-fib",
            "price": 250,
            "create_date": "2024-01-27T18:34:41.069Z",
            "release_date": "2024-01-27T18:35:34.695Z",
            "is_available": true,
            "description": "Quem é o próximo investigado na FIB?",
            "discount": 0,
            "foreground_image": "store/decorative-profile-perfil-fib/media/foreground__mscHD4__decorative-profile-perfil-fib.png",
            "cover_image": "store/decorative-profile-perfil-fib/media/cover__XRgSJE__decorative-profile-perfil-fib.png",
            "featured_image": "",
            "decorative_image": "store/decorative-profile-perfil-fib/media/decorative__6W59nJ__decorative-profile-perfil-fib.png",
            "box": null,
            "box_draw_chance": null,
            "collection": null,
            "featured": false,
            "is_starter": false
        }
    },
    {
        "model": "store.item",
        "pk": 43,
        "fields": {
            "name": "Perfil Primal",
            "item_type": "decorative",
            "subtype": "profile",
            "weapon": null,
            "handle": "decorative-profile-perfil-primal",
            "price": 450,
            "create_date": "2024-01-27T18:35:03.168Z",
            "release_date": null,
            "is_available": false,
            "description": "Das selvas, dos primórdios, dos ancestrais. Nossa primeira coleção autoral vai despertar o seu lado mais selvagem nos mapas.",
            "discount": 0,
            "foreground_image": "store/decorative-profile-perfil-primal/media/foreground__bi5SbS__decorative-profile-perf_Y4neU97.png",
            "cover_image": "store/decorative-profile-perfil-primal/media/cover__ZcxHg9__decorative-profile-perfil-primal.png",
            "featured_image": "",
            "decorative_image": "store/decorative-profile-perfil-primal/media/decorative__5tiumQ__decorative-profile-perf_omEwQWQ.png",
            "box": null,
            "box_draw_chance": null,
            "collection": 3,
            "featured": false,
            "is_starter": false
        }
    },
    {
        "model": "store.item",
        "pk": 44,
        "fields": {
            "name": "Skin 9idade Primal",
            "item_type": "weapon",
            "subtype": "pistols",
            "weapon": "9idade",
            "handle": "weapon-pistols-9idade-skin-9idade-primal",
            "price": 1345,
            "create_date": "2024-01-27T18:36:47.622Z",
            "release_date": null,
            "is_available": false,
            "description": "Das selvas, dos primórdios, dos ancestrais. Nossa primeira coleção autoral vai despertar o seu lado mais selvagem nos mapas.",
            "discount": 0,
            "foreground_image": "store/weapon-pistols-9idade-skin-9idade-primal/media/foreground__a4KnlA__weapon-pistols-_9fUP8qf.png",
            "cover_image": "store/weapon-pistols-9idade-skin-9idade-primal/media/cover__9lk8BU__weapon-pistols-9idad_iy5Z2TZ.png",
            "featured_image": "",
            "decorative_image": "",
            "box": null,
            "box_draw_chance": null,
            "collection": 3,
            "featured": false,
            "is_starter": false
        }
    },
    {
        "model": "store.item",
        "pk": 45,
        "fields": {
            "name": "Skin 9idade Reload",
            "item_type": "weapon",
            "subtype": "pistols",
            "weapon": "9idade",
            "handle": "weapon-pistols-9idade-skin-9idade-reload",
            "price": 1030,
            "create_date": "2024-01-27T18:37:55.248Z",
            "release_date": "2024-01-27T18:38:00.963Z",
            "is_available": true,
            "description": "Forjada no sol do deserto de Los Santos, nossa primeira skin chega pra causar inveja.",
            "discount": 0,
            "foreground_image": "store/weapon-pistols-9idade-skin-9idade-reload/media/foreground__OTMBXT__weapon-pistols-_xAzbLm8.png",
            "cover_image": "store/weapon-pistols-9idade-skin-9idade-reload/media/cover__Ve1zNU__weapon-pistols-9idad_jQK0GPl.png",
            "featured_image": "store/weapon-pistols-9idade-skin-9idade-reload/media/featured__tRie8k__weapon-pistols-9i_WeXAzfW.png",
            "decorative_image": "",
            "box": null,
            "box_draw_chance": null,
            "collection": null,
            "featured": true,
            "is_starter": false
        }
    },
    {
        "model": "store.item",
        "pk": 46,
        "fields": {
            "name": "Conjunto CPX A Vontade",
            "item_type": "wear",
            "subtype": "ata",
            "weapon": null,
            "handle": "wear-ata-conjunto-cpx-a-vontade",
            "price": 1040,
            "create_date": "2024-01-27T18:39:38.140Z",
            "release_date": "2024-01-27T18:44:11.234Z",
            "is_available": true,
            "description": "Tamo a vontade, curtindo com os amigos... hoje tem baile mais tarde.",
            "discount": 0,
            "foreground_image": "store/wear-ata-conjunto-cpx-a-vontade/media/foreground__reyfMl__wear-ata-conjunto-cpx-a-vontade.png",
            "cover_image": "store/wear-ata-conjunto-cpx-a-vontade/media/cover__VKTKLV__wear-ata-conjunto-cpx-a-vontade.png",
            "featured_image": "",
            "decorative_image": "",
            "box": null,
            "box_draw_chance": null,
            "collection": null,
            "featured": false,
            "is_starter": false
        }
    },
    {
        "model": "store.item",
        "pk": 47,
        "fields": {
            "name": "Conjunto CPX Bota a cara",
            "item_type": "wear",
            "subtype": "ata",
            "weapon": null,
            "handle": "wear-ata-conjunto-cpx-bota-a-cara",
            "price": 1040,
            "create_date": "2024-01-27T18:40:21.578Z",
            "release_date": "2024-01-27T18:44:09.043Z",
            "is_available": true,
            "description": "Bota a cara pra tu ver...",
            "discount": 0,
            "foreground_image": "store/wear-ata-conjunto-cpx-bota-a-cara/media/foreground__NsdFEe__wear-ata-conjunto-cpx-_zkvZiPm.png",
            "cover_image": "store/wear-ata-conjunto-cpx-bota-a-cara/media/cover__pdaqnm__wear-ata-conjunto-cpx-bota-a-cara.png",
            "featured_image": "",
            "decorative_image": "",
            "box": null,
            "box_draw_chance": null,
            "collection": null,
            "featured": false,
            "is_starter": false
        }
    },
    {
        "model": "store.item",
        "pk": 48,
        "fields": {
            "name": "Conjunto Primal Ao Ataque",
            "item_type": "wear",
            "subtype": "ata",
            "weapon": null,
            "handle": "wear-ata-conjunto-primal-ao-ataque",
            "price": 950,
            "create_date": "2024-01-27T18:41:01.596Z",
            "release_date": null,
            "is_available": false,
            "description": "Das selvas, dos primórdios, dos ancestrais. Nossa primeira coleção autoral vai despertar o seu lado mais selvagem nos mapas.",
            "discount": 0,
            "foreground_image": "store/wear-ata-conjunto-primal-ao-ataque/media/foreground__vmYNY1__wear-ata-conjunto-pri_p94cKAl.png",
            "cover_image": "store/wear-ata-conjunto-primal-ao-ataque/media/cover__hzsLdl__wear-ata-conjunto-primal-ao-ataque.png",
            "featured_image": "",
            "decorative_image": "",
            "box": null,
            "box_draw_chance": null,
            "collection": 3,
            "featured": false,
            "is_starter": false
        }
    },
    {
        "model": "store.item",
        "pk": 49,
        "fields": {
            "name": "Conjunto CPX Caçador",
            "item_type": "wear",
            "subtype": "def",
            "weapon": null,
            "handle": "wear-def-conjunto-cpx-cacador",
            "price": 860,
            "create_date": "2024-01-27T18:41:49.849Z",
            "release_date": "2024-01-27T18:44:05.558Z",
            "is_available": true,
            "description": "Tem que saber procurar... se procurar direitinho, sempre acha...",
            "discount": 0,
            "foreground_image": "store/wear-def-conjunto-cpx-cacador/media/foreground__q9R8ma__wear-def-conjunto-cpx-cacador.png",
            "cover_image": "store/wear-def-conjunto-cpx-cacador/media/cover__zTVJ3E__wear-def-conjunto-cpx-cacador.png",
            "featured_image": "",
            "decorative_image": "",
            "box": null,
            "box_draw_chance": null,
            "collection": null,
            "featured": false,
            "is_starter": false
        }
    },
    {
        "model": "store.item",
        "pk": 50,
        "fields": {
            "name": "Conjunto CPX Sentinela",
            "item_type": "wear",
            "subtype": "def",
            "weapon": null,
            "handle": "wear-def-conjunto-cpx-sentinela",
            "price": 860,
            "create_date": "2024-01-27T18:42:39.094Z",
            "release_date": "2024-01-27T18:44:02.941Z",
            "is_available": true,
            "description": "Boa 06! Fatiou, passou!",
            "discount": 0,
            "foreground_image": "store/wear-def-conjunto-cpx-sentinela/media/foreground__swjIYi__wear-def-conjunto-cpx-sentinela.png",
            "cover_image": "store/wear-def-conjunto-cpx-sentinela/media/cover__tiOZ1I__wear-def-conjunto-cpx-sentinela.png",
            "featured_image": "",
            "decorative_image": "",
            "box": null,
            "box_draw_chance": null,
            "collection": null,
            "featured": false,
            "is_starter": false
        }
    },
    {
        "model": "store.item",
        "pk": 51,
        "fields": {
            "name": "Conjunto Primal Selva!",
            "item_type": "wear",
            "subtype": "def",
            "weapon": null,
            "handle": "wear-def-conjunto-primal-selva",
            "price": 950,
            "create_date": "2024-01-27T18:43:51.092Z",
            "release_date": null,
            "is_available": false,
            "description": "Das selvas, dos primórdios, dos ancestrais. Nossa primeira coleção autoral vai despertar o seu lado mais selvagem nos mapas.",
            "discount": 0,
            "foreground_image": "store/wear-def-conjunto-primal-selva/media/foreground__1FBrkw__wear-def-conjunto-primal-selva.png",
            "cover_image": "store/wear-def-conjunto-primal-selva/media/cover__jg5S0l__wear-def-conjunto-primal-selva.png",
            "featured_image": "",
            "decorative_image": "",
            "box": null,
            "box_draw_chance": null,
            "collection": 3,
            "featured": false,
            "is_starter": false
        }
    },
    {
        "model": "store.item",
        "pk": 52,
        "fields": {
            "name": "Card O Começo",
            "item_type": "decorative",
            "subtype": "card",
            "weapon": null,
            "handle": "decorative-card-card-o-comeco",
            "price": 0,
            "create_date": "2024-01-29T16:52:18.370Z",
            "release_date": null,
            "is_available": false,
            "description": "Tudo começa aqui...",
            "discount": 0,
            "foreground_image": "store/decorative-card-card-o-comeco/media/foreground__TYzGsQ__decorative-card-card-o-comeco.png",
            "cover_image": "store/decorative-card-card-o-comeco/media/cover__fOX6Ed__decorative-card-card-o-comeco.png",
            "featured_image": "",
            "decorative_image": "store/decorative-card-card-o-comeco/media/decorative__vEdSvL__decorative-card-card-o-comeco.jpg",
            "box": null,
            "box_draw_chance": null,
            "collection": null,
            "featured": false,
            "is_starter": true
        }
    },
    {
        "model": "store.item",
        "pk": 53,
        "fields": {
            "name": "Perfil O Começo",
            "item_type": "decorative",
            "subtype": "profile",
            "weapon": null,
            "handle": "decorative-profile-perfil-o-comeco",
            "price": 0,
            "create_date": "2024-01-29T16:52:43.467Z",
            "release_date": null,
            "is_available": false,
            "description": "Tudo começa aqui...",
            "discount": 0,
            "foreground_image": "store/decorative-profile-perfil-o-comeco/media/foreground__OSsSFA__decorative-profile-pe_PaZcx58.png",
            "cover_image": "store/decorative-profile-perfil-o-comeco/media/cover__WB5vf9__decorative-profile-perfil-o-comeco.png",
            "featured_image": "",
            "decorative_image": "store/decorative-profile-perfil-o-comeco/media/decorative__ScxR36__decorative-profile-pe_dLEmyD3.png",
            "box": null,
            "box_draw_chance": null,
            "collection": null,
            "featured": false,
            "is_starter": true
        }
    },
    {
        "model": "store.itemmedia",
        "pk": 1,
        "fields": {
            "item": 18,
            "file": "store/spray-spray-reload-cola-ae/media/images/sCsUkQ__2Pgzih__spray-spray-reload-cola-ae.png",
            "media_type": "image"
        }
    },
    {
        "model": "store.itemmedia",
        "pk": 2,
        "fields": {
            "item": 18,
            "file": "store/spray-spray-reload-cola-ae/media/images/eDUTht__dZDfc3__spray-spray-reload-cola-ae.png",
            "media_type": "image"
        }
    },
    {
        "model": "store.itemmedia",
        "pk": 3,
        "fields": {
            "item": 19,
            "file": "store/spray-spray-a-morte-e-red/media/images/HrMSNR__wmS2HM__spray-spray-a-morte-e-red.png",
            "media_type": "image"
        }
    },
    {
        "model": "store.itemmedia",
        "pk": 4,
        "fields": {
            "item": 19,
            "file": "store/spray-spray-a-morte-e-red/media/images/rhWIml__8PYe7P__spray-spray-a-morte-e-red.png",
            "media_type": "image"
        }
    },
    {
        "model": "store.itemmedia",
        "pk": 5,
        "fields": {
            "item": 20,
            "file": "store/spray-spray-beta-first/media/images/2sUGP8__0KPWXU__spray-spray-beta-first.png",
            "media_type": "image"
        }
    },
    {
        "model": "store.itemmedia",
        "pk": 6,
        "fields": {
            "item": 20,
            "file": "store/spray-spray-beta-first/media/images/hCy0LV__Q8fhOx__spray-spray-beta-first.png",
            "media_type": "image"
        }
    },
    {
        "model": "store.itemmedia",
        "pk": 7,
        "fields": {
            "item": 21,
            "file": "store/spray-spray-beta-made-for-gamers/media/images/3vQ9Oj__2fvfsr__spray-spray-beta-mad_umT5udI.png",
            "media_type": "image"
        }
    },
    {
        "model": "store.itemmedia",
        "pk": 8,
        "fields": {
            "item": 21,
            "file": "store/spray-spray-beta-made-for-gamers/media/images/4bKuah__htTpN7__spray-spray-beta-mad_7KjC3aw.png",
            "media_type": "image"
        }
    },
    {
        "model": "store.itemmedia",
        "pk": 9,
        "fields": {
            "item": 22,
            "file": "store/spray-spray-beta-v10/media/images/ZWMXin__Bom1Iu__spray-spray-beta-v10.png",
            "media_type": "image"
        }
    },
    {
        "model": "store.itemmedia",
        "pk": 10,
        "fields": {
            "item": 22,
            "file": "store/spray-spray-beta-v10/media/images/2A2Br0__oGPo75__spray-spray-beta-v10.png",
            "media_type": "image"
        }
    },
    {
        "model": "store.itemmedia",
        "pk": 11,
        "fields": {
            "item": 23,
            "file": "store/spray-spray-com-ple-xo/media/images/jZ8GH5__c7nwgT__spray-spray-com-ple-xo.png",
            "media_type": "image"
        }
    },
    {
        "model": "store.itemmedia",
        "pk": 12,
        "fields": {
            "item": 23,
            "file": "store/spray-spray-com-ple-xo/media/images/HjvLFi__zpUYvQ__spray-spray-com-ple-xo.png",
            "media_type": "image"
        }
    },
    {
        "model": "store.itemmedia",
        "pk": 13,
        "fields": {
            "item": 24,
            "file": "store/spray-spray-cpx-o-final/media/images/LXPeQw__e1VK1l__spray-spray-cpx-o-final.png",
            "media_type": "image"
        }
    },
    {
        "model": "store.itemmedia",
        "pk": 14,
        "fields": {
            "item": 24,
            "file": "store/spray-spray-cpx-o-final/media/images/Ywg6xM__pWbmJg__spray-spray-cpx-o-final.png",
            "media_type": "image"
        }
    },
    {
        "model": "store.itemmedia",
        "pk": 15,
        "fields": {
            "item": 25,
            "file": "store/spray-spray-cpx-ta-tega/media/images/uMxb81__0WHhVi__spray-spray-cpx-ta-tega.png",
            "media_type": "image"
        }
    },
    {
        "model": "store.itemmedia",
        "pk": 16,
        "fields": {
            "item": 25,
            "file": "store/spray-spray-cpx-ta-tega/media/images/9x8baH__pFxG9K__spray-spray-cpx-ta-tega.png",
            "media_type": "image"
        }
    },
    {
        "model": "store.itemmedia",
        "pk": 17,
        "fields": {
            "item": 26,
            "file": "store/spray-spray-dislike/media/images/IGDFKD__9iVkko__spray-spray-dislike.png",
            "media_type": "image"
        }
    },
    {
        "model": "store.itemmedia",
        "pk": 18,
        "fields": {
            "item": 26,
            "file": "store/spray-spray-dislike/media/images/PgM5RS__pY1Gus__spray-spray-dislike.png",
            "media_type": "image"
        }
    },
    {
        "model": "store.itemmedia",
        "pk": 19,
        "fields": {
            "item": 27,
            "file": "store/spray-spray-fala-se-nao-e/media/images/1Ilj9J__OZ6ZJj__spray-spray-fala-se-nao-e.png",
            "media_type": "image"
        }
    },
    {
        "model": "store.itemmedia",
        "pk": 20,
        "fields": {
            "item": 27,
            "file": "store/spray-spray-fala-se-nao-e/media/images/8ZzBc8__SiKbNV__spray-spray-fala-se-nao-e.png",
            "media_type": "image"
        }
    },
    {
        "model": "store.itemmedia",
        "pk": 21,
        "fields": {
            "item": 28,
            "file": "store/spray-spray-like/media/images/meEygy__Q04FyR__spray-spray-like.png",
            "media_type": "image"
        }
    },
    {
        "model": "store.itemmedia",
        "pk": 22,
        "fields": {
            "item": 28,
            "file": "store/spray-spray-like/media/images/zs42e2__ZLmX3X__spray-spray-like.png",
            "media_type": "image"
        }
    },
    {
        "model": "store.itemmedia",
        "pk": 23,
        "fields": {
            "item": 29,
            "file": "store/spray-spray-primal-be-wild/media/images/DFnCe1__2HeAcP__spray-spray-primal-be-wild.png",
            "media_type": "image"
        }
    },
    {
        "model": "store.itemmedia",
        "pk": 24,
        "fields": {
            "item": 29,
            "file": "store/spray-spray-primal-be-wild/media/images/SmPfHj__3iFvyW__spray-spray-primal-be-wild.png",
            "media_type": "image"
        }
    },
    {
        "model": "store.itemmedia",
        "pk": 25,
        "fields": {
            "item": 30,
            "file": "store/spray-spray-primal-tribal/media/images/6S9TUh__dsiLH2__spray-spray-primal-tribal.png",
            "media_type": "image"
        }
    },
    {
        "model": "store.itemmedia",
        "pk": 26,
        "fields": {
            "item": 30,
            "file": "store/spray-spray-primal-tribal/media/images/kfVGTl__h97zZs__spray-spray-primal-tribal.png",
            "media_type": "image"
        }
    },
    {
        "model": "store.itemmedia",
        "pk": 27,
        "fields": {
            "item": 31,
            "file": "store/spray-spray-reload-fade/media/images/JOcf0u__ruc0SV__spray-spray-reload-fade.png",
            "media_type": "image"
        }
    },
    {
        "model": "store.itemmedia",
        "pk": 28,
        "fields": {
            "item": 31,
            "file": "store/spray-spray-reload-fade/media/images/YIBM9w__OGpqml__spray-spray-reload-fade.png",
            "media_type": "image"
        }
    },
    {
        "model": "store.itemmedia",
        "pk": 29,
        "fields": {
            "item": 32,
            "file": "store/spray-spray-sangue-do-meu-sangue/media/images/XiEwqd__lsUOoy__spray-spray-sangue-d_TsrEo5V.png",
            "media_type": "image"
        }
    },
    {
        "model": "store.itemmedia",
        "pk": 30,
        "fields": {
            "item": 32,
            "file": "store/spray-spray-sangue-do-meu-sangue/media/images/daKBpx__8Xi6R3__spray-spray-sangue-d_9Nfr94V.png",
            "media_type": "image"
        }
    },
    {
        "model": "store.itemmedia",
        "pk": 31,
        "fields": {
            "item": 33,
            "file": "store/spray-spray-vapo/media/images/sdHJ1X__s4Rpl5__spray-spray-vapo.png",
            "media_type": "image"
        }
    },
    {
        "model": "store.itemmedia",
        "pk": 32,
        "fields": {
            "item": 33,
            "file": "store/spray-spray-vapo/media/images/WHKDib__9yS7mt__spray-spray-vapo.png",
            "media_type": "image"
        }
    },
    {
        "model": "store.itemmedia",
        "pk": 33,
        "fields": {
            "item": 34,
            "file": "store/spray-spray-w/media/images/ELeqsj__qLKsN4__spray-spray-w.png",
            "media_type": "image"
        }
    },
    {
        "model": "store.itemmedia",
        "pk": 34,
        "fields": {
            "item": 34,
            "file": "store/spray-spray-w/media/images/pagHt7__AGOaRI__spray-spray-w.png",
            "media_type": "image"
        }
    },
    {
        "model": "store.itemmedia",
        "pk": 35,
        "fields": {
            "item": 35,
            "file": "store/spray-spray-xei-de-odio/media/images/3JM71s__D81PYa__spray-spray-xei-de-odio.png",
            "media_type": "image"
        }
    },
    {
        "model": "store.itemmedia",
        "pk": 36,
        "fields": {
            "item": 35,
            "file": "store/spray-spray-xei-de-odio/media/images/QHAKdS__QJOXRi__spray-spray-xei-de-odio.png",
            "media_type": "image"
        }
    },
    {
        "model": "store.itemmedia",
        "pk": 37,
        "fields": {
            "item": 44,
            "file": "store/weapon-pistols-9idade-skin-9idade-primal/media/images/Zo5go9__USlPGF__weapon-pisto_KEB0DKF.png",
            "media_type": "image"
        }
    },
    {
        "model": "store.itemmedia",
        "pk": 38,
        "fields": {
            "item": 44,
            "file": "store/weapon-pistols-9idade-skin-9idade-primal/media/images/U6jccz__M7Qbma__weapon-pisto_YUtaPn9.png",
            "media_type": "image"
        }
    },
    {
        "model": "store.itemmedia",
        "pk": 39,
        "fields": {
            "item": 44,
            "file": "store/weapon-pistols-9idade-skin-9idade-primal/media/images/NBFUgH__tER48V__weapon-pisto_k0GkYwO.png",
            "media_type": "image"
        }
    },
    {
        "model": "store.itemmedia",
        "pk": 40,
        "fields": {
            "item": 44,
            "file": "store/weapon-pistols-9idade-skin-9idade-primal/media/images/qm8q9h__fPzQ6j__weapon-pisto_I7fc89W.png",
            "media_type": "image"
        }
    },
    {
        "model": "store.itemmedia",
        "pk": 41,
        "fields": {
            "item": 44,
            "file": "store/weapon-pistols-9idade-skin-9idade-primal/media/videos/SKY8jJ__xJ0Er6__weapon-pisto_PP5YcgV.mp4",
            "media_type": "video"
        }
    },
    {
        "model": "store.itemmedia",
        "pk": 42,
        "fields": {
            "item": 45,
            "file": "store/weapon-pistols-9idade-skin-9idade-reload/media/videos/u03pOe__GXiTl0__weapon-pisto_PGArWED.mp4",
            "media_type": "video"
        }
    },
    {
        "model": "store.itemmedia",
        "pk": 43,
        "fields": {
            "item": 45,
            "file": "store/weapon-pistols-9idade-skin-9idade-reload/media/images/WfdzUN__d0EKd6__weapon-pisto_XNZVs6j.png",
            "media_type": "image"
        }
    },
    {
        "model": "store.itemmedia",
        "pk": 44,
        "fields": {
            "item": 45,
            "file": "store/weapon-pistols-9idade-skin-9idade-reload/media/images/Z9ES39__5eetv8__weapon-pisto_imYAVN3.png",
            "media_type": "image"
        }
    },
    {
        "model": "store.itemmedia",
        "pk": 45,
        "fields": {
            "item": 45,
            "file": "store/weapon-pistols-9idade-skin-9idade-reload/media/images/7aXsBL__FFvyi3__weapon-pisto_iu3BGY6.png",
            "media_type": "image"
        }
    },
    {
        "model": "store.itemmedia",
        "pk": 46,
        "fields": {
            "item": 46,
            "file": "store/wear-ata-conjunto-cpx-a-vontade/media/images/aDNsSd__48t5FF__wear-ata-conjunto-cpx_X72Lyxn.png",
            "media_type": "image"
        }
    },
    {
        "model": "store.itemmedia",
        "pk": 47,
        "fields": {
            "item": 46,
            "file": "store/wear-ata-conjunto-cpx-a-vontade/media/images/n0T6fl__4ADvX3__wear-ata-conjunto-cpx_XXnRLKz.png",
            "media_type": "image"
        }
    },
    {
        "model": "store.itemmedia",
        "pk": 48,
        "fields": {
            "item": 46,
            "file": "store/wear-ata-conjunto-cpx-a-vontade/media/images/dw8IKb__GmQaZT__wear-ata-conjunto-cpx_UEJnWlQ.png",
            "media_type": "image"
        }
    },
    {
        "model": "store.itemmedia",
        "pk": 49,
        "fields": {
            "item": 46,
            "file": "store/wear-ata-conjunto-cpx-a-vontade/media/images/QMA5qO__66jI8l__wear-ata-conjunto-cpx_xvPBjJ6.png",
            "media_type": "image"
        }
    },
    {
        "model": "store.itemmedia",
        "pk": 50,
        "fields": {
            "item": 46,
            "file": "store/wear-ata-conjunto-cpx-a-vontade/media/videos/6WXcdL__G1eunR__wear-ata-conjunto-cpx_BV7oSoV.mp4",
            "media_type": "video"
        }
    },
    {
        "model": "store.itemmedia",
        "pk": 51,
        "fields": {
            "item": 47,
            "file": "store/wear-ata-conjunto-cpx-bota-a-cara/media/images/htWxqR__8O3VNv__wear-ata-conjunto-c_mxMYCgG.png",
            "media_type": "image"
        }
    },
    {
        "model": "store.itemmedia",
        "pk": 52,
        "fields": {
            "item": 47,
            "file": "store/wear-ata-conjunto-cpx-bota-a-cara/media/images/hTfaE3__W66lil__wear-ata-conjunto-c_BE2Bo8F.png",
            "media_type": "image"
        }
    },
    {
        "model": "store.itemmedia",
        "pk": 53,
        "fields": {
            "item": 47,
            "file": "store/wear-ata-conjunto-cpx-bota-a-cara/media/images/il6O41__jonNH4__wear-ata-conjunto-c_VQsvITF.png",
            "media_type": "image"
        }
    },
    {
        "model": "store.itemmedia",
        "pk": 54,
        "fields": {
            "item": 47,
            "file": "store/wear-ata-conjunto-cpx-bota-a-cara/media/images/RNp3OP__528V13__wear-ata-conjunto-c_gGfFC2B.png",
            "media_type": "image"
        }
    },
    {
        "model": "store.itemmedia",
        "pk": 55,
        "fields": {
            "item": 47,
            "file": "store/wear-ata-conjunto-cpx-bota-a-cara/media/videos/tK8OB3__pnHXyO__wear-ata-conjunto-c_F3xzh47.mp4",
            "media_type": "video"
        }
    },
    {
        "model": "store.itemmedia",
        "pk": 56,
        "fields": {
            "item": 48,
            "file": "store/wear-ata-conjunto-primal-ao-ataque/media/images/aL8KRQ__OqpfhA__wear-ata-conjunto-_7yHCywN.png",
            "media_type": "image"
        }
    },
    {
        "model": "store.itemmedia",
        "pk": 57,
        "fields": {
            "item": 48,
            "file": "store/wear-ata-conjunto-primal-ao-ataque/media/images/luSS43__r6PJoL__wear-ata-conjunto-_W82Vfz0.png",
            "media_type": "image"
        }
    },
    {
        "model": "store.itemmedia",
        "pk": 58,
        "fields": {
            "item": 48,
            "file": "store/wear-ata-conjunto-primal-ao-ataque/media/images/NZNFEg__Tv9h3H__wear-ata-conjunto-_lw2Zfh2.png",
            "media_type": "image"
        }
    },
    {
        "model": "store.itemmedia",
        "pk": 59,
        "fields": {
            "item": 48,
            "file": "store/wear-ata-conjunto-primal-ao-ataque/media/videos/zguVfC__tu1DJJ__wear-ata-conjunto-_FpBBvMB.mp4",
            "media_type": "video"
        }
    },
    {
        "model": "store.itemmedia",
        "pk": 60,
        "fields": {
            "item": 49,
            "file": "store/wear-def-conjunto-cpx-cacador/media/images/T6reQ8__KlXe5D__wear-def-conjunto-cpx-cacador.png",
            "media_type": "image"
        }
    },
    {
        "model": "store.itemmedia",
        "pk": 61,
        "fields": {
            "item": 49,
            "file": "store/wear-def-conjunto-cpx-cacador/media/images/sWoeHD__ETiyQR__wear-def-conjunto-cpx-cacador.png",
            "media_type": "image"
        }
    },
    {
        "model": "store.itemmedia",
        "pk": 62,
        "fields": {
            "item": 49,
            "file": "store/wear-def-conjunto-cpx-cacador/media/images/5qadQV__Rh2L0x__wear-def-conjunto-cpx-cacador.png",
            "media_type": "image"
        }
    },
    {
        "model": "store.itemmedia",
        "pk": 63,
        "fields": {
            "item": 49,
            "file": "store/wear-def-conjunto-cpx-cacador/media/images/zF42lg__TVmFTM__wear-def-conjunto-cpx-cacador.png",
            "media_type": "image"
        }
    },
    {
        "model": "store.itemmedia",
        "pk": 64,
        "fields": {
            "item": 49,
            "file": "store/wear-def-conjunto-cpx-cacador/media/videos/x7ibkd__qOR6to__wear-def-conjunto-cpx-cacador.mp4",
            "media_type": "video"
        }
    },
    {
        "model": "store.itemmedia",
        "pk": 65,
        "fields": {
            "item": 49,
            "file": "store/wear-def-conjunto-cpx-cacador/media/images/oJOSWm__9daKfd__wear-def-conjunto-cpx-cacador.png",
            "media_type": "image"
        }
    },
    {
        "model": "store.itemmedia",
        "pk": 66,
        "fields": {
            "item": 50,
            "file": "store/wear-def-conjunto-cpx-sentinela/media/images/ZHNNjB__hHYMGt__wear-def-conjunto-cpx_DgEqZdZ.png",
            "media_type": "image"
        }
    },
    {
        "model": "store.itemmedia",
        "pk": 67,
        "fields": {
            "item": 50,
            "file": "store/wear-def-conjunto-cpx-sentinela/media/images/rEZyz5__wWiJzW__wear-def-conjunto-cpx_CQTYRi9.png",
            "media_type": "image"
        }
    },
    {
        "model": "store.itemmedia",
        "pk": 68,
        "fields": {
            "item": 50,
            "file": "store/wear-def-conjunto-cpx-sentinela/media/images/VDzf7e__3uxb5o__wear-def-conjunto-cpx_vW5DhkC.png",
            "media_type": "image"
        }
    },
    {
        "model": "store.itemmedia",
        "pk": 69,
        "fields": {
            "item": 50,
            "file": "store/wear-def-conjunto-cpx-sentinela/media/images/mAT9yP__ZQll85__wear-def-conjunto-cpx_B7BCyr3.png",
            "media_type": "image"
        }
    },
    {
        "model": "store.itemmedia",
        "pk": 70,
        "fields": {
            "item": 50,
            "file": "store/wear-def-conjunto-cpx-sentinela/media/videos/rJe4tx__5DOfft__wear-def-conjunto-cpx_jt6H8Z8.mp4",
            "media_type": "video"
        }
    },
    {
        "model": "store.itemmedia",
        "pk": 71,
        "fields": {
            "item": 51,
            "file": "store/wear-def-conjunto-primal-selva/media/images/Kmi1QB__0D6iOU__wear-def-conjunto-primal-selva.png",
            "media_type": "image"
        }
    },
    {
        "model": "store.itemmedia",
        "pk": 72,
        "fields": {
            "item": 51,
            "file": "store/wear-def-conjunto-primal-selva/media/images/AyKDOl__PKSFqL__wear-def-conjunto-primal-selva.png",
            "media_type": "image"
        }
    },
    {
        "model": "store.itemmedia",
        "pk": 73,
        "fields": {
            "item": 51,
            "file": "store/wear-def-conjunto-primal-selva/media/images/x8i9jp__Ov4Er0__wear-def-conjunto-primal-selva.png",
            "media_type": "image"
        }
    },
    {
        "model": "store.itemmedia",
        "pk": 74,
        "fields": {
            "item": 51,
            "file": "store/wear-def-conjunto-primal-selva/media/images/IP2bBD__gsCSOB__wear-def-conjunto-primal-selva.png",
            "media_type": "image"
        }
    },
    {
        "model": "store.itemmedia",
        "pk": 75,
        "fields": {
            "item": 51,
            "file": "store/wear-def-conjunto-primal-selva/media/videos/ucOlty__wavK34__wear-def-conjunto-primal-selva.mp4",
            "media_type": "video"
        }
    }
]
