[
    {
        "model": "auth.group",
        "fields": {
            "name": "Staff"
        }
    },
    {
        "model": "accounts.user",
        "pk": 1,
        "fields": {
            "password": "pbkdf2_sha256$600000$NuLzocHGwmhRQf0UCpHXea$BU4b2+3Gu/nKZ5c7Wevn3a7MmbJiJcW6DV6lw7ppRS4=",
            "last_login": "2023-04-19T15:28:26.270Z",
            "is_superuser": true,
            "email": "dev@3c.gg",
            "is_staff": true,
            "is_active": true,
            "date_joined": "2021-10-23T16:57:47.632Z",
            "date_inactivation": null,
            "date_email_update": null,
            "groups": [],
            "user_permissions": []
        }
    },
    {
        "model": "accounts.user",
        "pk": 2,
        "fields": {
            "password": "",
            "last_login": "2023-04-19T15:29:36.526Z",
            "is_superuser": false,
            "email": "player1@reloadclub.gg",
            "is_staff": false,
            "is_active": true,
            "date_joined": "2023-04-19T15:29:36.522Z",
            "date_inactivation": null,
            "date_email_update": null,
            "groups": [],
            "user_permissions": []
        }
    },
    {
        "model": "accounts.user",
        "pk": 3,
        "fields": {
            "password": "",
            "last_login": "2023-04-19T15:29:50.181Z",
            "is_superuser": false,
            "email": "player2@reloadclub.gg",
            "is_staff": false,
            "is_active": true,
            "date_joined": "2023-04-19T15:29:50.177Z",
            "date_inactivation": null,
            "date_email_update": null,
            "groups": [],
            "user_permissions": []
        }
    },
    {
        "model": "accounts.user",
        "pk": 4,
        "fields": {
            "password": "",
            "last_login": "2023-04-19T15:30:02.964Z",
            "is_superuser": false,
            "email": "player3@reloadclub.gg",
            "is_staff": false,
            "is_active": true,
            "date_joined": "2023-04-19T15:30:02.952Z",
            "date_inactivation": null,
            "date_email_update": null,
            "groups": [],
            "user_permissions": []
        }
    },
    {
        "model": "accounts.user",
        "pk": 5,
        "fields": {
            "password": "",
            "last_login": "2023-04-19T15:30:13.509Z",
            "is_superuser": false,
            "email": "player4@reloadclub.gg",
            "is_staff": false,
            "is_active": true,
            "date_joined": "2023-04-19T15:30:13.506Z",
            "date_inactivation": null,
            "date_email_update": null,
            "groups": [],
            "user_permissions": []
        }
    },
    {
        "model": "accounts.user",
        "pk": 6,
        "fields": {
            "password": "",
            "last_login": "2023-04-19T15:30:26.082Z",
            "is_superuser": false,
            "email": "player5@reloadclub.gg",
            "is_staff": false,
            "is_active": true,
            "date_joined": "2023-04-19T15:30:26.078Z",
            "date_inactivation": null,
            "date_email_update": null,
            "groups": [],
            "user_permissions": []
        }
    },
    {
        "model": "accounts.user",
        "pk": 7,
        "fields": {
            "password": "",
            "last_login": "2023-04-19T15:30:38.700Z",
            "is_superuser": false,
            "email": "player6@reloadclub.gg",
            "is_staff": false,
            "is_active": true,
            "date_joined": "2023-04-19T15:30:38.696Z",
            "date_inactivation": null,
            "date_email_update": null,
            "groups": [],
            "user_permissions": []
        }
    },
    {
        "model": "accounts.user",
        "pk": 8,
        "fields": {
            "password": "",
            "last_login": "2023-04-19T15:30:50.056Z",
            "is_superuser": false,
            "email": "player7@reloadclub.gg",
            "is_staff": false,
            "is_active": true,
            "date_joined": "2023-04-19T15:30:50.052Z",
            "date_inactivation": null,
            "date_email_update": null,
            "groups": [],
            "user_permissions": []
        }
    },
    {
        "model": "accounts.user",
        "pk": 9,
        "fields": {
            "password": "",
            "last_login": "2023-04-19T15:31:01.630Z",
            "is_superuser": false,
            "email": "player8@reloadclub.gg",
            "is_staff": false,
            "is_active": true,
            "date_joined": "2023-04-19T15:31:01.617Z",
            "date_inactivation": null,
            "date_email_update": null,
            "groups": [],
            "user_permissions": []
        }
    },
    {
        "model": "accounts.user",
        "pk": 10,
        "fields": {
            "password": "",
            "last_login": "2023-04-19T15:31:12.787Z",
            "is_superuser": false,
            "email": "player9@reloadclub.gg",
            "is_staff": false,
            "is_active": true,
            "date_joined": "2023-04-19T15:31:12.769Z",
            "date_inactivation": null,
            "date_email_update": null,
            "groups": [],
            "user_permissions": []
        }
    },
    {
        "model": "accounts.user",
        "pk": 11,
        "fields": {
            "password": "",
            "last_login": "2023-04-19T15:31:24.878Z",
            "is_superuser": false,
            "email": "player10@reloadclub.gg",
            "is_staff": false,
            "is_active": true,
            "date_joined": "2023-04-19T15:31:24.874Z",
            "date_inactivation": null,
            "date_email_update": null,
            "groups": [],
            "user_permissions": []
        }
    },
    {
        "model": "accounts.userlogin",
        "pk": 1,
        "fields": {
            "user": 2,
            "timestamp": "2023-04-19T15:29:47.620Z",
            "ip_address": "172.26.0.1"
        }
    },
    {
        "model": "accounts.userlogin",
        "pk": 2,
        "fields": {
            "user": 3,
            "timestamp": "2023-04-19T15:29:59.456Z",
            "ip_address": "172.26.0.1"
        }
    },
    {
        "model": "accounts.userlogin",
        "pk": 3,
        "fields": {
            "user": 4,
            "timestamp": "2023-04-19T15:30:10.278Z",
            "ip_address": "172.26.0.1"
        }
    },
    {
        "model": "accounts.userlogin",
        "pk": 4,
        "fields": {
            "user": 5,
            "timestamp": "2023-04-19T15:30:22.018Z",
            "ip_address": "172.26.0.1"
        }
    },
    {
        "model": "accounts.userlogin",
        "pk": 5,
        "fields": {
            "user": 6,
            "timestamp": "2023-04-19T15:30:33.945Z",
            "ip_address": "172.26.0.1"
        }
    },
    {
        "model": "accounts.userlogin",
        "pk": 6,
        "fields": {
            "user": 7,
            "timestamp": "2023-04-19T15:30:47.181Z",
            "ip_address": "172.26.0.1"
        }
    },
    {
        "model": "accounts.userlogin",
        "pk": 7,
        "fields": {
            "user": 8,
            "timestamp": "2023-04-19T15:30:58.265Z",
            "ip_address": "172.26.0.1"
        }
    },
    {
        "model": "accounts.userlogin",
        "pk": 8,
        "fields": {
            "user": 9,
            "timestamp": "2023-04-19T15:31:09.317Z",
            "ip_address": "172.26.0.1"
        }
    },
    {
        "model": "accounts.userlogin",
        "pk": 9,
        "fields": {
            "user": 10,
            "timestamp": "2023-04-19T15:31:21.436Z",
            "ip_address": "172.26.0.1"
        }
    },
    {
        "model": "accounts.userlogin",
        "pk": 10,
        "fields": {
            "user": 11,
            "timestamp": "2023-04-19T15:31:35.132Z",
            "ip_address": "172.26.0.1"
        }
    },
    {
        "model": "accounts.account",
        "pk": 1,
        "fields": {
            "user": 1,
            "steamid": "",
            "level": 1,
            "level_points": 0,
            "is_verified": true,
            "verification_token": "",
            "username": "admin"
        }
    },
    {
        "model": "accounts.account",
        "pk": 2,
        "fields": {
            "user": 2,
            "steamid": "281590623841816110",
            "level": 1,
            "level_points": 10,
            "is_verified": true,
            "verification_token": "debug0",
            "username": "player1"
        }
    },
    {
        "model": "accounts.account",
        "pk": 3,
        "fields": {
            "user": 3,
            "steamid": "809363647939633239",
            "level": 1,
            "level_points": 10,
            "is_verified": true,
            "verification_token": "debug0",
            "username": "player2"
        }
    },
    {
        "model": "accounts.account",
        "pk": 4,
        "fields": {
            "user": 4,
            "steamid": "673968025244387349",
            "level": 1,
            "level_points": 10,
            "is_verified": true,
            "verification_token": "debug0",
            "username": "player3"
        }
    },
    {
        "model": "accounts.account",
        "pk": 5,
        "fields": {
            "user": 5,
            "steamid": "632871291809089356",
            "level": 1,
            "level_points": 10,
            "is_verified": true,
            "verification_token": "debug0",
            "username": "player4"
        }
    },
    {
        "model": "accounts.account",
        "pk": 6,
        "fields": {
            "user": 6,
            "steamid": "725885787902004201",
            "level": 1,
            "level_points": 10,
            "is_verified": true,
            "verification_token": "debug0",
            "username": "player5"
        }
    },
    {
        "model": "accounts.account",
        "pk": 7,
        "fields": {
            "user": 7,
            "steamid": "715582438505847277",
            "level": 1,
            "level_points": 0,
            "is_verified": true,
            "verification_token": "debug0",
            "username": "player6"
        }
    },
    {
        "model": "accounts.account",
        "pk": 8,
        "fields": {
            "user": 8,
            "steamid": "853671800239207891",
            "level": 1,
            "level_points": 0,
            "is_verified": true,
            "verification_token": "debug0",
            "username": "player7"
        }
    },
    {
        "model": "accounts.account",
        "pk": 9,
        "fields": {
            "user": 9,
            "steamid": "584726463099759262",
            "level": 1,
            "level_points": 0,
            "is_verified": true,
            "verification_token": "debug0",
            "username": "player8"
        }
    },
    {
        "model": "accounts.account",
        "pk": 10,
        "fields": {
            "user": 10,
            "steamid": "173782123187673210",
            "level": 1,
            "level_points": 0,
            "is_verified": true,
            "verification_token": "debug0",
            "username": "player9"
        }
    },
    {
        "model": "accounts.account",
        "pk": 11,
        "fields": {
            "user": 11,
            "steamid": "982451441204984258",
            "level": 1,
            "level_points": 0,
            "is_verified": true,
            "verification_token": "debug0",
            "username": "player10"
        }
    },
    {
        "model": "accounts.invite",
        "pk": 1,
        "fields": {
            "owned_by": 1,
            "datetime_created": "2021-10-23T16:57:47.632Z",
            "datetime_updated": "2021-10-23T16:57:47.632Z",
            "email": "gabriel@3c.gg",
            "datetime_accepted": null
        }
    },
    {
        "model": "accounts.invite",
        "pk": 2,
        "fields": {
            "owned_by": 1,
            "datetime_created": "2021-10-23T16:57:47.632Z",
            "datetime_updated": "2021-10-23T16:57:47.632Z",
            "email": "equipe@3c.gg",
            "datetime_accepted": null
        }
    },
    {
        "model": "social_django.usersocialauth",
        "pk": 1,
        "fields": {
            "user": 1,
            "provider": "steam",
            "uid": "000000000000000000",
            "extra_data": "{\"player\": {\"avatar\": \"https://steamcdn-a.akamaihd.net/steamcommunity/public/images/avatars//fe/fef49e7fa7e1997310d705b2a6158ff8dc1cdfeb.jpg\", \"steamid\": \"00000000000000\", \"realname\": \"Admin\", \"avatarfull\": \"https://steamcdn-a.akamaihd.net/steamcommunity/public/images/avatars//fe/fef49e7fa7e1997310d705b2a6158ff8dc1cdfeb_full.jpg\", \"avatarhash\": \"5795ca73736bbd7de42ab1faf4581dda81987d63\", \"profileurl\": \"https://steamcommunity.com/id/killshotesports/\", \"personaname\": \"admin\", \"timecreated\": 1626458911, \"avatarmedium\": \"https://steamcdn-a.akamaihd.net/steamcommunity/public/images/avatars//fe/fef49e7fa7e1997310d705b2a6158ff8dc1cdfeb_medium.jpg\", \"personastate\": 0, \"profilestate\": 1, \"primaryclanid\": \"103582791429521408\", \"personastateflags\": 0, \"communityvisibilitystate\": 3, \"profileurl\": \"https://steamcommunity.com/profiles/783276758063212485\"}, \"auth_time\": 1644645334}",
            "created": "2022-02-12T05:55:34.847Z",
            "modified": "2022-02-12T05:55:34.851Z"
        }
    },
    {
        "model": "social_django.usersocialauth",
        "pk": 2,
        "fields": {
            "user": 2,
            "provider": "OUPmsRueHZpUDtVrwtnTBbuxQuFxWntJ",
            "uid": "TFromRtBnoLdKHiuQNtbhSDEnymTHlJzvfAgZisBodTuhVJrzhmYddyASOOOuvjNHoXXuJlyFvmlUWWNQzGLtIfkFnDcjNhMeyKNpkAtRqPzqWWCuESemXbLJuiCcIuiQXwFlvvBWIIhGPvUMOafQNTTVAFvvDiDksMNLgeZbpiZMurSgvFqSqQETYcFSSxhWuTGTGfDVmdkEtAZPPkQMBZIMkLPLCHIhwddYkBOvcpDoApHnYWumjCotyPWKRJ",
            "extra_data": "{\"player\": {\"steamid\": \"281590623841816110\", \"personaname\": \"player1\", \"communityvisibilitystate\": 3, \"profileurl\": \"https://steamcommunity.com/profiles/783276758063212485\"}}",
            "created": "2023-04-19T15:29:36.527Z",
            "modified": "2023-04-19T15:29:36.527Z"
        }
    },
    {
        "model": "social_django.usersocialauth",
        "pk": 3,
        "fields": {
            "user": 3,
            "provider": "jxqfthpzFknVNyIBvbdZkYqjvKZaTcYn",
            "uid": "LxHnXTqGRnPIsbDjRCTaiGOuuEvcgSDZOxhlqAhyJbEVgycuznEuJXwuGgQrNkOLWfJypmFeznTuxYCBXPDGgpuVDTFifdiXhLYqwdEjlsLTObaiBgiGowKXVhxQdGbooaWhMOebaSRQzwLuOgqkrXOisaSbGXMJneiwtsKrcrsRkhBotTFtxlrsUPreptppqCPLFEFwUWprjZJAKJTFctFkZOieEPEMUqeMsRjhWBQFZPaiqUnTbHzmUezRzFK",
            "extra_data": "{\"player\": {\"steamid\": \"809363647939633239\", \"personaname\": \"player2\", \"communityvisibilitystate\": 3, \"profileurl\": \"https://steamcommunity.com/profiles/783276758063212485\"}}",
            "created": "2023-04-19T15:29:50.182Z",
            "modified": "2023-04-19T15:29:50.182Z"
        }
    },
    {
        "model": "social_django.usersocialauth",
        "pk": 4,
        "fields": {
            "user": 4,
            "provider": "qMcdvogckgFlgpqtayHavoCjukMoGMHK",
            "uid": "FnHStfuyVDSoPqxctUurHVYmwQraGXPDfDGYgSJauzsGZUupzfhFYrrtvCtFROsqwFffKorbSYnMGbKlVdZyUEmIVkCqlEgSSgQJMBSDbLMQXaxVlNnzFSgNamOjLdbCRktLjffhpNwTeRmDIwTpBHsOeHKHukfUpaIQtwtOyjCdKCGcymSRAPNqmSSuQwLPyDqsxSiEVGDXielSXcovFVXhVYFMToBstlqWafyhcdFbDckNRAGnanMJbDKQEFe",
            "extra_data": "{\"player\": {\"steamid\": \"673968025244387349\", \"personaname\": \"player3\", \"communityvisibilitystate\": 3, \"profileurl\": \"https://steamcommunity.com/profiles/783276758063212485\"}}",
            "created": "2023-04-19T15:30:02.965Z",
            "modified": "2023-04-19T15:30:02.965Z"
        }
    },
    {
        "model": "social_django.usersocialauth",
        "pk": 5,
        "fields": {
            "user": 5,
            "provider": "BHGsOZIZjJeFFVjqufheMomMNcdKyIji",
            "uid": "OgrzfzQFZlJsWWMuQMBvuozYfNVasUStSNeperToWcnipvwUtNrcDlMypSdPhHeoYzcIaNwTGYTCdFEgCqbRCDWpevLeIDvIimWjnqOqWwQQRVsuHwSzuGfoOYiepAdXhWqQNutGxMPIkFuIRYrmSchEiaFxYrUnONnMiRNALxsbavFsCiirUTDrhYoshRZsthZYJGOXvrKDtuyRLuYMCnxsYbQoeMRxSeUxkatXbJTAzDOuJCnDLVYJkysPJiC",
            "extra_data": "{\"player\": {\"steamid\": \"632871291809089356\", \"personaname\": \"player4\", \"communityvisibilitystate\": 3, \"profileurl\": \"https://steamcommunity.com/profiles/783276758063212485\"}}",
            "created": "2023-04-19T15:30:13.510Z",
            "modified": "2023-04-19T15:30:13.510Z"
        }
    },
    {
        "model": "social_django.usersocialauth",
        "pk": 6,
        "fields": {
            "user": 6,
            "provider": "dlHzxEyobbXAukjHzDlNqGxpvhazaAwd",
            "uid": "lBtSgKZyXGJZmOyZDeSAYBaWprEgYCXdVvNdMlEpuiqDJfVJvBvElIiIOEQoZYPPbEOvORyudTkjiahOpyOcHEhLBDjumNJnkhBfpjeAXCTlfjrULURXDbxgGgTYJokccGwJfpcDLgtIyIFmQcWCZNzHHCZRlXIrKGYTjtBrcULVPOctFAHYiHDRhVECTTqIbGAgqxzocYsJMpNyfSRCBKccxSJhkCalXVJLZuQCVbqhMWikTHDFqqiDmASTPZm",
            "extra_data": "{\"player\": {\"steamid\": \"725885787902004201\", \"personaname\": \"player5\", \"communityvisibilitystate\": 3, \"profileurl\": \"https://steamcommunity.com/profiles/783276758063212485\"}}",
            "created": "2023-04-19T15:30:26.083Z",
            "modified": "2023-04-19T15:30:26.083Z"
        }
    },
    {
        "model": "social_django.usersocialauth",
        "pk": 7,
        "fields": {
            "user": 7,
            "provider": "CMZcKAEkWaCUWgUXjFLUcRAysncbwxEE",
            "uid": "ZqJRwxtUpVTenvUkIAPgeDswkxNAReSQCWLClCbSbLHUqcWJGqwARmErBqpuQToMgdQKdpYXZBCeOqQFSpaIzGEVoKyMGJjIRvTEFZRYzOVWimlMpyuzTpXMLSsAVzyIwMDfIzpQBDxNaixXERupTYlxfcuMZZNUzclmJTxeiPPByCLuDcESLWAnmRChabxxzVUWbxtsoEcgCkDDPYMTOafqpEhttYCOpwgVTkgrOMYtvyJTmugTVClgxjZUEaL",
            "extra_data": "{\"player\": {\"steamid\": \"715582438505847277\", \"personaname\": \"player6\", \"communityvisibilitystate\": 3, \"profileurl\": \"https://steamcommunity.com/profiles/783276758063212485\"}}",
            "created": "2023-04-19T15:30:38.700Z",
            "modified": "2023-04-19T15:30:38.700Z"
        }
    },
    {
        "model": "social_django.usersocialauth",
        "pk": 8,
        "fields": {
            "user": 8,
            "provider": "qHtdhYdomkWbqdCROMNpJRTvLQruYYJu",
            "uid": "WUFjOxNkoEQFqooISFpPNtuQJxKdqFLxZDRrWHlwuXCOiOibzaTwtAIkChmdHoZKyTezTTZzRICmhEUjHFqtSQauMqfoDeHHRyNKUtLdsCfotvDdzGBIvaQjZuOHFqQzLezwTxoZFvCQIdHTtmGuzslzpAAbkfLCRYEXUhlWJOJBrAKKSlZNiylvTGklipDTehBGjhWzmpcvnHuWjqnBJAumVmfVnwBLRFuvbtvHLoYDUqFqPXpWuZMMbxlqalJ",
            "extra_data": "{\"player\": {\"steamid\": \"853671800239207891\", \"personaname\": \"player7\", \"communityvisibilitystate\": 3, \"profileurl\": \"https://steamcommunity.com/profiles/783276758063212485\"}}",
            "created": "2023-04-19T15:30:50.056Z",
            "modified": "2023-04-19T15:30:50.056Z"
        }
    },
    {
        "model": "social_django.usersocialauth",
        "pk": 9,
        "fields": {
            "user": 9,
            "provider": "zNiVTRKhDVtEqmldLXMruGjuaFHbLwAr",
            "uid": "IOdqLPqZaVMackUwqoSDqWSYlpdXYBQmRAeiODtGDtajGfTQcIQguhFjBvqWQTZLJaRaEQKbSBgvoAtleyjJhouNcPAioyjbpLXXbPdXIynLfjTMNlevAORvvXRMnykbgjDhYVxkWXmcqAnsSkmLYvwosJsouPSaPMsiKFHfokXuXDpdjZcGYUDlzMgLbLLDMmRttWVjJhPdqcAvUPuvLFEbTckTRFxzpcbllSIuOsEqAmjoUSvlFgrugRTMbEW",
            "extra_data": "{\"player\": {\"steamid\": \"584726463099759262\", \"personaname\": \"player8\", \"communityvisibilitystate\": 3, \"profileurl\": \"https://steamcommunity.com/profiles/783276758063212485\"}}",
            "created": "2023-04-19T15:31:01.630Z",
            "modified": "2023-04-19T15:31:01.630Z"
        }
    },
    {
        "model": "social_django.usersocialauth",
        "pk": 10,
        "fields": {
            "user": 10,
            "provider": "LoraPTfjUogrjtUaEdJScchNhReHYnSZ",
            "uid": "AqCWEhOTTyacMuxfzwiBGguSBCwyEwECSrANKIoxQCuqzEgWSfcDALlxFhUKnQmCNREBkcxPUOszeVELQsDAtKRoDwKIhmyMTrYRoofnygJsnRJoDzrMGJrdfMTltIwGHrGwaqKpOCRLZIJJpfWrJecDnJdlAVbgmIyQqXWdiIHiuOMcPjXigpFRyGZrWmNsuBvaiAzIjNxSuLiUzkVzMHWXyBdwUTxbJDbJULnhAENEVMdvrLecwXMBLSHWinV",
            "extra_data": "{\"player\": {\"steamid\": \"173782123187673210\", \"personaname\": \"player9\", \"communityvisibilitystate\": 3, \"profileurl\": \"https://steamcommunity.com/profiles/783276758063212485\"}}",
            "created": "2023-04-19T15:31:12.788Z",
            "modified": "2023-04-19T15:31:12.788Z"
        }
    },
    {
        "model": "social_django.usersocialauth",
        "pk": 11,
        "fields": {
            "user": 11,
            "provider": "zkQvxDGXTpEcrDdmbWGTSEqWAbdTwZzz",
            "uid": "fNBXYDZtnGTejUNynWibNhPKwrcZHwbKgSSSgyFNeVyhBKpOOFiovTzEgOIrAoOkUUTWUHOEWxQzaRlRKBJbBeQWBlAgFYDbfgCuRDSSltNhAJWktExQpLFYayFjAJlAFeTVRMhZGKVqAJdumSBcxSnPjSbVNGSjbgDBlDEFCGkfccuzwcREuHnTonXFOkhuPuJEAfpqSFpjjPSNiomuwcTdjmRmjimzjVEMErgEgaFOyPoAdqHqCiVcSbWhJsw",
            "extra_data": "{\"player\": {\"steamid\": \"982451441204984258\", \"personaname\": \"player10\", \"communityvisibilitystate\": 3, \"profileurl\": \"https://steamcommunity.com/profiles/783276758063212485\"}}",
            "created": "2023-04-19T15:31:24.879Z",
            "modified": "2023-04-19T15:31:24.879Z"
        }
    },
    {
        "model": "matches.server",
        "pk": 1,
        "fields": {
            "ip": "123.123.123.123",
            "name": "Reload 1"
        }
    },
    {
        "model": "matches.match",
        "pk": 1,
        "fields": {
            "server": 1,
            "create_date": "2023-04-19T15:36:20.725Z",
            "start_date": "2023-04-19T15:16:05Z",
            "end_date": "2023-04-19T15:36:06Z",
            "status": "finished",
            "game_type": "competitive",
            "game_mode": 5,
            "chat": [
                {
                    "steamid": "281590623841816110",
                    "target": "all",
                    "message": "test",
                    "date": "4/6/2023 14:42:34"
                },
                {
                    "steamid": "809363647939633239",
                    "target": "all",
                    "message": "test 2",
                    "date": "4/6/2023 14:44:34"
                },
                {
                    "steamid": "809363647939633239",
                    "target": "team",
                    "message": "iasjd ioasjd ioajsdiojasdiojasd jaiosjd ioajsd ioajsd ioajsdiajsdio jaisodjaiosdj aijsd iaoj diajs dioajs diojaoisdjaiosjd ioajdioj asiodj iaoj sdioaj dioasj dioaj dioajsd ioajsd ioajsd iaosjd ioajsd ioajd ijo",
                    "date": "4/6/2023 14:44:34"
                }
            ]
        }
    },
    {
        "model": "matches.match",
        "pk": 2,
        "fields": {
            "server": 1,
            "create_date": "2023-04-19T15:36:41.163Z",
            "start_date": "2023-04-19T15:36:36Z",
            "end_date": null,
            "status": "running",
            "game_type": "competitive",
            "game_mode": 5
        }
    },
    {
        "model": "matches.matchteam",
        "pk": 1,
        "fields": {
            "match": 1,
            "name": "Team A",
            "score": 10
        }
    },
    {
        "model": "matches.matchteam",
        "pk": 2,
        "fields": {
            "match": 1,
            "name": "Team B",
            "score": 8
        }
    },
    {
        "model": "matches.matchteam",
        "pk": 3,
        "fields": {
            "match": 2,
            "name": "Team A",
            "score": 1
        }
    },
    {
        "model": "matches.matchteam",
        "pk": 4,
        "fields": {
            "match": 2,
            "name": "Team B",
            "score": 0
        }
    },
    {
        "model": "matches.matchplayer",
        "pk": 1,
        "fields": {
            "user": 2,
            "team": 1,
            "level": 1,
            "level_points": 0
        }
    },
    {
        "model": "matches.matchplayer",
        "pk": 2,
        "fields": {
            "user": 3,
            "team": 1,
            "level": 1,
            "level_points": 0
        }
    },
    {
        "model": "matches.matchplayer",
        "pk": 3,
        "fields": {
            "user": 4,
            "team": 1,
            "level": 1,
            "level_points": 0
        }
    },
    {
        "model": "matches.matchplayer",
        "pk": 4,
        "fields": {
            "user": 5,
            "team": 1,
            "level": 1,
            "level_points": 0
        }
    },
    {
        "model": "matches.matchplayer",
        "pk": 5,
        "fields": {
            "user": 6,
            "team": 1,
            "level": 1,
            "level_points": 0
        }
    },
    {
        "model": "matches.matchplayer",
        "pk": 6,
        "fields": {
            "user": 7,
            "team": 2,
            "level": 1,
            "level_points": 0
        }
    },
    {
        "model": "matches.matchplayer",
        "pk": 7,
        "fields": {
            "user": 8,
            "team": 2,
            "level": 1,
            "level_points": 0
        }
    },
    {
        "model": "matches.matchplayer",
        "pk": 8,
        "fields": {
            "user": 9,
            "team": 2,
            "level": 1,
            "level_points": 0
        }
    },
    {
        "model": "matches.matchplayer",
        "pk": 9,
        "fields": {
            "user": 11,
            "team": 2,
            "level": 1,
            "level_points": 0
        }
    },
    {
        "model": "matches.matchplayer",
        "pk": 10,
        "fields": {
            "user": 10,
            "team": 2,
            "level": 1,
            "level_points": 0
        }
    },
    {
        "model": "matches.matchplayer",
        "pk": 11,
        "fields": {
            "user": 11,
            "team": 4,
            "level": 1,
            "level_points": 0
        }
    },
    {
        "model": "matches.matchplayer",
        "pk": 12,
        "fields": {
            "user": 2,
            "team": 3,
            "level": 1,
            "level_points": 0
        }
    },
    {
        "model": "matches.matchplayer",
        "pk": 13,
        "fields": {
            "user": 3,
            "team": 3,
            "level": 1,
            "level_points": 0
        }
    },
    {
        "model": "matches.matchplayer",
        "pk": 14,
        "fields": {
            "user": 4,
            "team": 3,
            "level": 1,
            "level_points": 0
        }
    },
    {
        "model": "matches.matchplayer",
        "pk": 15,
        "fields": {
            "user": 5,
            "team": 3,
            "level": 1,
            "level_points": 0
        }
    },
    {
        "model": "matches.matchplayer",
        "pk": 16,
        "fields": {
            "user": 6,
            "team": 3,
            "level": 1,
            "level_points": 0
        }
    },
    {
        "model": "matches.matchplayer",
        "pk": 17,
        "fields": {
            "user": 7,
            "team": 4,
            "level": 1,
            "level_points": 0
        }
    },
    {
        "model": "matches.matchplayer",
        "pk": 18,
        "fields": {
            "user": 8,
            "team": 4,
            "level": 1,
            "level_points": 0
        }
    },
    {
        "model": "matches.matchplayer",
        "pk": 20,
        "fields": {
            "user": 9,
            "team": 4,
            "level": 1,
            "level_points": 0
        }
    },
    {
        "model": "matches.matchplayer",
        "pk": 21,
        "fields": {
            "user": 10,
            "team": 4,
            "level": 1,
            "level_points": 0
        }
    },
    {
        "model": "matches.matchplayerstats",
        "pk": 1,
        "fields": {
            "player": 1,
            "kills": 0,
            "deaths": 0,
            "assists": 0,
            "damage": 0,
            "hs_kills": 0,
            "afk": 0,
            "plants": 0,
            "defuses": 0,
            "double_kills": 0,
            "triple_kills": 0,
            "quadra_kills": 0,
            "aces": 0,
            "clutch_v1": 0,
            "clutch_v2": 0,
            "clutch_v3": 0,
            "clutch_v4": 0,
            "clutch_v5": 0,
            "firstkills": 0,
            "shots_fired": 0,
            "head_shots": 0,
            "chest_shots": 0,
            "other_shots": 0
        }
    },
    {
        "model": "matches.matchplayerstats",
        "pk": 2,
        "fields": {
            "player": 2,
            "kills": 0,
            "deaths": 0,
            "assists": 0,
            "damage": 0,
            "hs_kills": 0,
            "afk": 0,
            "plants": 0,
            "defuses": 0,
            "double_kills": 0,
            "triple_kills": 0,
            "quadra_kills": 0,
            "aces": 0,
            "clutch_v1": 0,
            "clutch_v2": 0,
            "clutch_v3": 0,
            "clutch_v4": 0,
            "clutch_v5": 0,
            "firstkills": 0,
            "shots_fired": 0,
            "head_shots": 0,
            "chest_shots": 0,
            "other_shots": 0
        }
    },
    {
        "model": "matches.matchplayerstats",
        "pk": 3,
        "fields": {
            "player": 3,
            "kills": 0,
            "deaths": 0,
            "assists": 0,
            "damage": 0,
            "hs_kills": 0,
            "afk": 0,
            "plants": 0,
            "defuses": 0,
            "double_kills": 0,
            "triple_kills": 0,
            "quadra_kills": 0,
            "aces": 0,
            "clutch_v1": 0,
            "clutch_v2": 0,
            "clutch_v3": 0,
            "clutch_v4": 0,
            "clutch_v5": 0,
            "firstkills": 0,
            "shots_fired": 0,
            "head_shots": 0,
            "chest_shots": 0,
            "other_shots": 0
        }
    },
    {
        "model": "matches.matchplayerstats",
        "pk": 4,
        "fields": {
            "player": 4,
            "kills": 0,
            "deaths": 0,
            "assists": 0,
            "damage": 0,
            "hs_kills": 0,
            "afk": 0,
            "plants": 0,
            "defuses": 0,
            "double_kills": 0,
            "triple_kills": 0,
            "quadra_kills": 0,
            "aces": 0,
            "clutch_v1": 0,
            "clutch_v2": 0,
            "clutch_v3": 0,
            "clutch_v4": 0,
            "clutch_v5": 0,
            "firstkills": 0,
            "shots_fired": 0,
            "head_shots": 0,
            "chest_shots": 0,
            "other_shots": 0
        }
    },
    {
        "model": "matches.matchplayerstats",
        "pk": 5,
        "fields": {
            "player": 5,
            "kills": 0,
            "deaths": 0,
            "assists": 0,
            "damage": 0,
            "hs_kills": 0,
            "afk": 0,
            "plants": 0,
            "defuses": 0,
            "double_kills": 0,
            "triple_kills": 0,
            "quadra_kills": 0,
            "aces": 0,
            "clutch_v1": 0,
            "clutch_v2": 0,
            "clutch_v3": 0,
            "clutch_v4": 0,
            "clutch_v5": 0,
            "firstkills": 0,
            "shots_fired": 0,
            "head_shots": 0,
            "chest_shots": 0,
            "other_shots": 0
        }
    },
    {
        "model": "matches.matchplayerstats",
        "pk": 6,
        "fields": {
            "player": 6,
            "kills": 0,
            "deaths": 0,
            "assists": 0,
            "damage": 0,
            "hs_kills": 0,
            "afk": 0,
            "plants": 0,
            "defuses": 0,
            "double_kills": 0,
            "triple_kills": 0,
            "quadra_kills": 0,
            "aces": 0,
            "clutch_v1": 0,
            "clutch_v2": 0,
            "clutch_v3": 0,
            "clutch_v4": 0,
            "clutch_v5": 0,
            "firstkills": 0,
            "shots_fired": 0,
            "head_shots": 0,
            "chest_shots": 0,
            "other_shots": 0
        }
    },
    {
        "model": "matches.matchplayerstats",
        "pk": 7,
        "fields": {
            "player": 7,
            "kills": 0,
            "deaths": 0,
            "assists": 0,
            "damage": 0,
            "hs_kills": 0,
            "afk": 0,
            "plants": 0,
            "defuses": 0,
            "double_kills": 0,
            "triple_kills": 0,
            "quadra_kills": 0,
            "aces": 0,
            "clutch_v1": 0,
            "clutch_v2": 0,
            "clutch_v3": 0,
            "clutch_v4": 0,
            "clutch_v5": 0,
            "firstkills": 0,
            "shots_fired": 0,
            "head_shots": 0,
            "chest_shots": 0,
            "other_shots": 0
        }
    },
    {
        "model": "matches.matchplayerstats",
        "pk": 8,
        "fields": {
            "player": 8,
            "kills": 0,
            "deaths": 0,
            "assists": 0,
            "damage": 0,
            "hs_kills": 0,
            "afk": 0,
            "plants": 0,
            "defuses": 0,
            "double_kills": 0,
            "triple_kills": 0,
            "quadra_kills": 0,
            "aces": 0,
            "clutch_v1": 0,
            "clutch_v2": 0,
            "clutch_v3": 0,
            "clutch_v4": 0,
            "clutch_v5": 0,
            "firstkills": 0,
            "shots_fired": 0,
            "head_shots": 0,
            "chest_shots": 0,
            "other_shots": 0
        }
    },
    {
        "model": "matches.matchplayerstats",
        "pk": 9,
        "fields": {
            "player": 9,
            "kills": 0,
            "deaths": 0,
            "assists": 0,
            "damage": 0,
            "hs_kills": 0,
            "afk": 0,
            "plants": 0,
            "defuses": 0,
            "double_kills": 0,
            "triple_kills": 0,
            "quadra_kills": 0,
            "aces": 0,
            "clutch_v1": 0,
            "clutch_v2": 0,
            "clutch_v3": 0,
            "clutch_v4": 0,
            "clutch_v5": 0,
            "firstkills": 0,
            "shots_fired": 0,
            "head_shots": 0,
            "chest_shots": 0,
            "other_shots": 0
        }
    },
    {
        "model": "matches.matchplayerstats",
        "pk": 10,
        "fields": {
            "player": 10,
            "kills": 0,
            "deaths": 0,
            "assists": 0,
            "damage": 0,
            "hs_kills": 0,
            "afk": 0,
            "plants": 0,
            "defuses": 0,
            "double_kills": 0,
            "triple_kills": 0,
            "quadra_kills": 0,
            "aces": 0,
            "clutch_v1": 0,
            "clutch_v2": 0,
            "clutch_v3": 0,
            "clutch_v4": 0,
            "clutch_v5": 0,
            "firstkills": 0,
            "shots_fired": 0,
            "head_shots": 0,
            "chest_shots": 0,
            "other_shots": 0
        }
    },
    {
        "model": "matches.matchplayerstats",
        "pk": 11,
        "fields": {
            "player": 11,
            "kills": 0,
            "deaths": 0,
            "assists": 0,
            "damage": 0,
            "hs_kills": 0,
            "afk": 0,
            "plants": 0,
            "defuses": 0,
            "double_kills": 0,
            "triple_kills": 0,
            "quadra_kills": 0,
            "aces": 0,
            "clutch_v1": 0,
            "clutch_v2": 0,
            "clutch_v3": 0,
            "clutch_v4": 0,
            "clutch_v5": 0,
            "firstkills": 0,
            "shots_fired": 0,
            "head_shots": 0,
            "chest_shots": 0,
            "other_shots": 0
        }
    },
    {
        "model": "matches.matchplayerstats",
        "pk": 12,
        "fields": {
            "player": 12,
            "kills": 0,
            "deaths": 0,
            "assists": 0,
            "damage": 0,
            "hs_kills": 0,
            "afk": 0,
            "plants": 0,
            "defuses": 0,
            "double_kills": 0,
            "triple_kills": 0,
            "quadra_kills": 0,
            "aces": 0,
            "clutch_v1": 0,
            "clutch_v2": 0,
            "clutch_v3": 0,
            "clutch_v4": 0,
            "clutch_v5": 0,
            "firstkills": 0,
            "shots_fired": 0,
            "head_shots": 0,
            "chest_shots": 0,
            "other_shots": 0
        }
    },
    {
        "model": "matches.matchplayerstats",
        "pk": 13,
        "fields": {
            "player": 13,
            "kills": 0,
            "deaths": 0,
            "assists": 0,
            "damage": 0,
            "hs_kills": 0,
            "afk": 0,
            "plants": 0,
            "defuses": 0,
            "double_kills": 0,
            "triple_kills": 0,
            "quadra_kills": 0,
            "aces": 0,
            "clutch_v1": 0,
            "clutch_v2": 0,
            "clutch_v3": 0,
            "clutch_v4": 0,
            "clutch_v5": 0,
            "firstkills": 0,
            "shots_fired": 0,
            "head_shots": 0,
            "chest_shots": 0,
            "other_shots": 0
        }
    },
    {
        "model": "matches.matchplayerstats",
        "pk": 14,
        "fields": {
            "player": 14,
            "kills": 0,
            "deaths": 0,
            "assists": 0,
            "damage": 0,
            "hs_kills": 0,
            "afk": 0,
            "plants": 0,
            "defuses": 0,
            "double_kills": 0,
            "triple_kills": 0,
            "quadra_kills": 0,
            "aces": 0,
            "clutch_v1": 0,
            "clutch_v2": 0,
            "clutch_v3": 0,
            "clutch_v4": 0,
            "clutch_v5": 0,
            "firstkills": 0,
            "shots_fired": 0,
            "head_shots": 0,
            "chest_shots": 0,
            "other_shots": 0
        }
    },
    {
        "model": "matches.matchplayerstats",
        "pk": 15,
        "fields": {
            "player": 15,
            "kills": 0,
            "deaths": 0,
            "assists": 0,
            "damage": 0,
            "hs_kills": 0,
            "afk": 0,
            "plants": 0,
            "defuses": 0,
            "double_kills": 0,
            "triple_kills": 0,
            "quadra_kills": 0,
            "aces": 0,
            "clutch_v1": 0,
            "clutch_v2": 0,
            "clutch_v3": 0,
            "clutch_v4": 0,
            "clutch_v5": 0,
            "firstkills": 0,
            "shots_fired": 0,
            "head_shots": 0,
            "chest_shots": 0,
            "other_shots": 0
        }
    },
    {
        "model": "matches.matchplayerstats",
        "pk": 16,
        "fields": {
            "player": 16,
            "kills": 0,
            "deaths": 0,
            "assists": 0,
            "damage": 0,
            "hs_kills": 0,
            "afk": 0,
            "plants": 0,
            "defuses": 0,
            "double_kills": 0,
            "triple_kills": 0,
            "quadra_kills": 0,
            "aces": 0,
            "clutch_v1": 0,
            "clutch_v2": 0,
            "clutch_v3": 0,
            "clutch_v4": 0,
            "clutch_v5": 0,
            "firstkills": 0,
            "shots_fired": 0,
            "head_shots": 0,
            "chest_shots": 0,
            "other_shots": 0
        }
    },
    {
        "model": "matches.matchplayerstats",
        "pk": 17,
        "fields": {
            "player": 17,
            "kills": 0,
            "deaths": 0,
            "assists": 0,
            "damage": 0,
            "hs_kills": 0,
            "afk": 0,
            "plants": 0,
            "defuses": 0,
            "double_kills": 0,
            "triple_kills": 0,
            "quadra_kills": 0,
            "aces": 0,
            "clutch_v1": 0,
            "clutch_v2": 0,
            "clutch_v3": 0,
            "clutch_v4": 0,
            "clutch_v5": 0,
            "firstkills": 0,
            "shots_fired": 0,
            "head_shots": 0,
            "chest_shots": 0,
            "other_shots": 0
        }
    },
    {
        "model": "matches.matchplayerstats",
        "pk": 18,
        "fields": {
            "player": 18,
            "kills": 0,
            "deaths": 0,
            "assists": 0,
            "damage": 0,
            "hs_kills": 0,
            "afk": 0,
            "plants": 0,
            "defuses": 0,
            "double_kills": 0,
            "triple_kills": 0,
            "quadra_kills": 0,
            "aces": 0,
            "clutch_v1": 0,
            "clutch_v2": 0,
            "clutch_v3": 0,
            "clutch_v4": 0,
            "clutch_v5": 0,
            "firstkills": 0,
            "shots_fired": 0,
            "head_shots": 0,
            "chest_shots": 0,
            "other_shots": 0
        }
    },
    {
        "model": "matches.matchplayerstats",
        "pk": 20,
        "fields": {
            "player": 20,
            "kills": 0,
            "deaths": 0,
            "assists": 0,
            "damage": 0,
            "hs_kills": 0,
            "afk": 0,
            "plants": 0,
            "defuses": 0,
            "double_kills": 0,
            "triple_kills": 0,
            "quadra_kills": 0,
            "aces": 0,
            "clutch_v1": 0,
            "clutch_v2": 0,
            "clutch_v3": 0,
            "clutch_v4": 0,
            "clutch_v5": 0,
            "firstkills": 0,
            "shots_fired": 0,
            "head_shots": 0,
            "chest_shots": 0,
            "other_shots": 0
        }
    },
    {
        "model": "matches.matchplayerstats",
        "pk": 21,
        "fields": {
            "player": 21,
            "kills": 0,
            "deaths": 0,
            "assists": 0,
            "damage": 0,
            "hs_kills": 0,
            "afk": 0,
            "plants": 0,
            "defuses": 0,
            "double_kills": 0,
            "triple_kills": 0,
            "quadra_kills": 0,
            "aces": 0,
            "clutch_v1": 0,
            "clutch_v2": 0,
            "clutch_v3": 0,
            "clutch_v4": 0,
            "clutch_v5": 0,
            "firstkills": 0,
            "shots_fired": 0,
            "head_shots": 0,
            "chest_shots": 0,
            "other_shots": 0
        }
    },
    {
        "model": "store.box",
        "pk": 1,
        "fields": {
            "name": "Box Fluxo",
            "handle": "box-fluxo",
            "price": "39.99",
            "create_date": "2023-09-26T06:58:21.185Z",
            "release_date": null,
            "is_available": false,
            "description": "af adf adf adf asd",
            "discount": 0,
            "background_image": "store/box-fluxo/media/box-fluxo.png",
            "foreground_image": "store/box-fluxo/media/box-fluxo.jpg",
            "featured": true
        }
    },
    {
        "model": "store.collection",
        "pk": 1,
        "fields": {
            "name": "Coleção Dragão",
            "handle": "colecao-dragao",
            "price": "99.99",
            "create_date": "2023-09-26T06:58:53.031Z",
            "release_date": null,
            "is_available": false,
            "description": "asd asd asd asd asd as d",
            "discount": 0,
            "background_image": "store/colecao-dragao/media/colecao-dragao.png",
            "foreground_image": "store/colecao-dragao/media/colecao-dragao.jpg",
            "featured": true
        }
    },
    {
        "model": "store.item",
        "pk": 1,
        "fields": {
            "name": "Spray Complexo",
            "item_type": "spray",
            "subtype": null,
            "handle": "spray-spray-complexo",
            "price": "9.99",
            "create_date": "2023-09-26T06:56:43.742Z",
            "release_date": null,
            "is_available": false,
            "description": "djwf ijafj piajfiaj",
            "discount": 0,
            "background_image": "store/spray-spray-complexo/media/spray-spray-complexo_OIR8KY7.png",
            "foreground_image": "store/spray-spray-complexo/media/spray-spray-complexo_prsHDeW.png",
            "box": null,
            "box_draw_chance": null,
            "collection": null,
            "featured": true
        }
    },
    {
        "model": "store.item",
        "pk": 2,
        "fields": {
            "name": "Jersey #segueofx",
            "item_type": "wear",
            "subtype": "def",
            "handle": "wear-def-jersey-segueofx",
            "price": "29.99",
            "create_date": "2023-09-26T06:59:42.592Z",
            "release_date": null,
            "is_available": false,
            "description": "h gjghjhj g",
            "discount": 15,
            "background_image": "store/wear-def-jersey-segueofx/media/wear-def-jersey-segueofx.png",
            "foreground_image": "store/wear-def-jersey-segueofx/media/wear-def-jersey-segueofx_AUT7TdN.png",
            "box": 1,
            "box_draw_chance": "15.00",
            "collection": null,
            "featured": false
        }
    }
]
